#key	name	year	genre	developer	players
007 - The World Is Not Enough (USA)	007 : The World is Not Enough	2000	Shooter/Shooter / FPV	Eurocom Developments	1-4
1080 Snowboarding (Japan, USA) (En,Ja)	1080 TenEighty Snowboarding	1998	Sports / Skiing/Sports	Nintendo	1-2
40 Winks (USA) (Piko Interactive)	40 Winks	1999	Platform	Eurocom	1-2
64 de Hakken!! Tamagotchi - Minna de Tamagotchi World (Japan)	64 de Hakken!! Tamagotchi : Minna de Tamagotchi World	1997	Board game	AI	1-4
64 Hanafuda - Tenshi no Yakusoku (Japan)	64 Hanafuda : Tenshi no Yakusoku	1999	Asiatic board game/Hanafuda	Altron	1-2
64 Oozumou (Japan)	64 Ōzumō	1997	Sports / Sumo/Sports	Bottom Up Interactive	1-2
64 Oozumou 2 (Japan)	64 Ōzumō 2	1999	Sports / Sumo/Sports	Bottom Up Interactive	1-2
64 Trump Collection - Alice no Wakuwaku Trump World (Japan)	64 Trump Collection : Alice no Wakuwaku Trump World	1998	Casino/Casino / Cards	Bottom Up Interactive	1-4
AeroFighters Assault (USA)	AeroFighters Assault	1997	Shooter / Plane/Shooter	Paradigm Entertainment	1-2
AeroGauge (USA)	AeroGauge	1998	Racing, Driving	Locomotive Co.	1-2
AI Shougi 3 (Japan)	AI Shougi 3	1998	Shougi/Asiatic board game	i4	1-2
Aidyn Chronicles - The First Mage (USA)	Aidyn Chronicles : The First Mage	2001	Role Playing Game	H20 Interactive	1
Airboarder 64 (Europe)	Air Boarder 64	1998	Sports / Skateboard/Sports	Human Entertainment	1-2
All Star Tennis 99 (USA)	All Star Tennis 99	1999	Sports / Tennis/Sports	Smart Dog	1-4
All-Star Baseball 2000 (USA)	All-Star Baseball 2000	1999	Sports / Baseball/Sports	Iguana Entertainment	1-4
All-Star Baseball 2001 (USA)	All-Star Baseball 2001	2000	Sports / Baseball/Sports	High Voltage	1-4
All-Star Baseball 99 (USA)	All-Star Baseball 99	1998	Sports/Sports / Baseball	Iguana Entertainment	1-4
Armorines - Project S.W.A.R.M. (USA)	Armorines - Project S.W.A.R.M.	1999	Shooter / FPV/Shooter	Acclaim Entertainment	1-4
Army Men - Air Combat (USA)	Army Men : Air Combat	2000	Shooter / Plane/Shooter	The 3DO Company	1-4
Army Men - Sarge's Heroes (USA)	Army Men : Sarge's Heroes	1999	Shooter/Shooter / Run and Gun	The 3DO Company	1-4
Army Men - Sarge's Heroes 2 (USA)	Army Men : Sarge's Heroes 2	2000	Shooter/Shooter / Run and Gun	The 3DO Company	1-4
Asteroids Hyper 64 (USA)	Asteroids Hyper 64	1999	Shoot'em Up	Syrox Developments	1-2
Automobili Lamborghini (USA)	Automobili Lamborghini	1997	Racing, Driving	Titus	1-4
Bakuretsu Muteki Bangaioh (Japan)	Bakuretsu Muteki Bangaioh	1999	Shoot'em Up	Treasure	1
Bakushou Jinsei 64 - Mezase! Resort Ou (Japan)	Bakushou Jinsei 64 : Mezase! Resort Ou	1998	Asiatic board game	Taito	1-4
Banjo-Kazooie (USA)	Banjo-Kazooie	1998	Platform	Rareware	1
Banjo-Tooie (USA)	Banjo-Tooie	2000	Action / Adventure/Action	Rareware	1-4
Bass Rush - ECOGEAR PowerWorm Championship (Japan)	Bass Rush : ECOGEAR PowerWorm Championship	2000	Fishing/Hunting and Fishing	Visco	1
Bassmasters 2000 (USA)	Bassmasters 2000	1999	Fishing/Hunting and Fishing	Mass Media	1-2
Batman Beyond - Return of the Joker (USA)	Batman Beyond : Return of the Joker	2000	Beat'em Up	Kemco	1
BattleTanx (USA)	BattleTanx	1998	Shooter / Vehicle, TPV/Shooter	The 3DO Company	1-4
BattleTanx - Global Assault (USA)	BattleTanx : Global Assault	1999	Shooter / Vehicle, TPV/Shooter	The 3DO Company	1-4
Battlezone - Rise of the Black Dogs (USA)	Battlezone : Rise of the Black Dogs	2000	Strategy	Climax	1-4
Beetle Adventure Racing! (USA) (En,Fr,De)	Beetle Adventure Racing!	1999	Racing, Driving	Paradigm Entertainment	1-4
Big Mountain 2000 (USA)	Big Mountain 2000	2000	Sports / Skiing/Sports	Natsume	1-2
Bio F.R.E.A.K.S. (USA)	Bio F.R.E.A.K.S.	1998	Fighting / Versus/Fighting	Saffire	1-2
Blast Corps (USA)	Blast Corps	1997	Racing, Driving	Rareware	1
Blues Brothers 2000 (USA)	Blues Brothers 2000	2000	Platform	Player 1	1-2
Body Harvest (USA)	Body Harvest	1998	Shooter/Shooter / TPV	DMA Design	1
Bomberman 64 (Japan)	Bomberman 64	2001	Puzzle	Racjin	1-4
Bomberman 64 (USA)	Bomberman 64	1997	Action / Adventure/Action	Hudson Soft	1-4
Bomberman 64 - The Second Attack! (USA)	Bomberman 64 : The Second Attack!	2000	Puzzle	Hudson Soft	1-4
Bomberman Hero (USA)	Bomberman Hero	1998	Platform	AI	1
Bottom of the 9th (USA)	Bottom of the 9th	1999	Sports / Baseball/Sports	Konami	1-2
Brunswick Circuit Pro Bowling (USA)	Brunswick Circuit Pro Bowling	1999	Sports / Bowling/Sports	Point of View	1-6
Buck Bumble (USA)	Buck Bumble	1998	Shooter	Argonaut Games	1-2
Bug's Life, A (USA)	A Bug's Life	1999	Platform	Traveller's Tales	1
Bust-A-Move '99 (USA)	Bust-A-Move '99	1999	Puzzle / Throw/Puzzle	Distinctive Developments	1-4
Bust-A-Move 2 - Arcade Edition (USA)	Bust-A-Move 2 : Arcade Edition	1998	Puzzle	Probe Entertainment	1-2
California Speed (USA)	California Speed	1999	Racing, Driving	Atari	1-2
Carmageddon 64 (USA)	Carmageddon 64	1999	Racing, Driving	Software Creations	1-2
Carnivale - Cenzo's Adventure (USA) (Proto) (2000-07-21)	Carnivale - Cenzo's Adventure	2000	Casual Game	Terraglyph Interactive Studios	1-2
Castlevania (USA)	Castlevania	1999	Platform	Konami	1
Castlevania - Legacy of Darkness (USA)	Castlevania : Legacy of Darkness	1999	Action / Adventure/Action	Konami	1
Centre Court Tennis (Europe)	Centre Court Tennis	1999	Sports / Tennis/Sports	Hudson Soft	1-4
Chameleon Twist (USA)	Chameleon Twist	1997	Platform	Japan System Supply	1-4
Chameleon Twist 2 (USA)	Chameleon Twist 2	1999	Platform	Japan System Supply	1
Charlie Blast's Territory (USA)	Charlie Blast's Territory	1999	Puzzle	Realtime Associates	1-4
Chopper Attack (USA)	Chopper Attack	1998	Shooter/Shooter / TPV	SETA	1
Choro Q 64 2 - Hacha Mecha Grand Prix Race (Japan)	Choro Q 64 II : Hacha Mecha Grand Prix Race	1999	Racing, Driving	Locomotive Games	1-4
Chou Kuukan Nighter Pro Yakyuu King (Japan)	Chou Kuukan Nighter Pro Yakyuu King	1996	Sports / Baseball/Sports	Genki	1-2
Chou Kuukan Nighter Pro Yakyuu King 2 (Japan)	Chou Kuukan Nighter Pro Yakyuu King 2	1999	Sports / Baseball/Sports	Genki	1-2
Clay Fighter - Sculptor's Cut (USA)	Clay Fighter : Sculptor's Cut	1998	Fighting / Versus/Fighting	Interplay	1-2
Clay Fighter 63 1-3 (USA)	Clay Fighter 63 1/3	1997	Fighting / Versus/Fighting	Interplay	1-2
Command & Conquer (USA)	Command & Conquer	1999	Strategy	Looking Glass	1
Conker's Bad Fur Day (USA)	Conker's Bad Fur Day	2001	Action / Adventure/Action	Rareware	1-4
Cruis'n Exotica (USA)	Cruis'n Exotica	2000	Racing, Driving	Gratuitous Games	1-4
Cruis'n USA (USA)	Cruis'n USA	1996	Racing, Driving	Williams	1-2
Cruis'n World (USA)	Cruis'n World	1998	Racing, Driving	Eurocom	1-4
Custom Robo (Japan)	Custom Robo	1999	Role Playing Game	Noise Factory	1-2
Custom Robo V2 (Japan)	Custom Robo V2	2000	Role Playing Game	Noise Factory	1-4
CyberTiger (USA)	CyberTiger	2000	Sports / Golf/Sports	Saffire	1-4
Dance Dance Revolution - Disney Dancing Museum (Japan)	Dance Dance Revolution : Disney Dancing Museum	2000	Dancing/Rhythm/Music and Dancing	Konami	1-2
Dark Rift (USA)	Dark Rift	1997	Fighting / Versus/Fighting	Kronos Digital Entertainment	1-2
Deadly Arts (USA)	Deadly Arts	1998	Fighting / Versus/Fighting	KCET	1-2
Densha de Go! 64 (Japan)	Densha de GO! 64	1999	Simulation / Vehicle/Simulation	AI	1
Derby Stallion 64 (Japan)	Derby Stallion 64	2001	Horse racing/Sports with animals	Parity Bit	1-4
Destruction Derby 64 (USA)	Destruction Derby 64	1999	Racing, Driving	Looking Glass	1-4
Dezaemon 3D (Japan)	Dezaemon 3d	1998	Shoot'em Up	Athena	1
Diddy Kong Racing (USA) (En,Fr)	Diddy Kong Racing	1997	Racing, Driving	Rareware	1-4
Die Hard 64 (USA) (Proto) (Level 1)	Die Hard 64	2017	Shooter / FPV/Shooter	Fox Interactive	1
Dinosaur Planet (USA) (Proto) (2000-12-01)	Dinosaur Planet	2000	Action / Adventure/Action	Rareware	1
Donald Duck - Goin' Quackers (USA) (En,Fr,De,Es,It)	Donald Duck : Goin' Qu@ckers*!	2000	Platform	Ubi Soft Entertainment	1
Donkey Kong 64 (USA)	Donkey Kong 64	1999	Action / Adventure/Action	Rareware	1-4
Doom 64 (USA)	Doom 64	1997	Shooter / FPV/Shooter	Midway	1
Doraemon - Nobita to 3tsu no Seireiseki (Japan)	Doraemon : Nobita to 3tsu no Seireiseki	1997	Adventure	Epoch	1
Doraemon 2 - Nobita to Hikari no Shinden (Japan)	Doraemon 2 : Nobita to Hikari no Shinden	1998	Action / Adventure/Action	Epoch	1
Doraemon 3 - Nobita no Machi SOS! (Japan)	Doraemon 3 : Nobita no Machi SOS!	2000	Action / Adventure/Action	AI	1
Doubutsu Banchou (Japan) (Proto)	Cubivore: Survival of the Fittest	2001	Strategy	Saru Brunei	1
Doubutsu no Mori (Japan)	Doubutsu no Mori	2001	Role Playing Game	Nintendo	1
Dr. Mario 64 (USA)	Dr. Mario 64	2001	Puzzle / Fall/Puzzle	Newcom	1-4
Dragon Sword 64 (USA) (Proto) (1999-08-25)	Dragon Sword 64	1998	Beat'em Up	Interactive Studios	1-4
Dual Heroes (USA)	Dual Heroes	1998	Fighting / Versus/Fighting	Produce!	1-2
Duck Dodgers Starring Daffy Duck (USA) (En,Fr,Es)	Duck Dodgers Starring Daffy Duck	2000	Platform	Paradigm Entertainment	1
Duke Nukem - Zero Hour (USA)	Duke Nukem : Zero Hour	1999	Shooter / TPV/Shooter	Eurocom	1-4
Duke Nukem 64 (USA)	Duke Nukem 64	1997	Shooter / FPV/Shooter	Eurocom	1-4
Earthworm Jim 3D (USA)	Earthworm Jim 3D	1999	Platform	VIS Entertainment	1
ECW Hardcore Revolution (USA)	ECW Hardcore Revolution	2000	Fighting	Acclaim Entertainment	1-4
Eikou no Saint Andrews (Japan)	Eikou no Saint Andrews	1996	Sports / Golf/Sports	SETA	1-4
Excitebike 64 (USA)	Excitebike 64	2000	Racing, Driving/Racing, Driving / Motorcycle	Left Field Productions	1-4
Extreme-G (USA)	Extreme-G	1997	Racing, Driving	Probe Entertainment	1-4
Extreme-G XG2 (USA)	Extreme-G XG2	1998	Racing, Driving	Probe Software	1-4
F-1 World Grand Prix (USA)	F-1 World Grand Prix	1998	Racing, Driving	Paradigm Entertainment	1-2
F-1 World Grand Prix II (Europe) (En,Fr,De,Es)	F-1 World Grand Prix II	1999	Racing, Driving	Paradigm Entertainment	1-2
F-Zero X (USA)	F-Zero X	1998	Racing, Driving	Nintendo	1-4
F1 Pole Position 64 (USA) (En,Fr,De)	F1 Pole Position 64	1997	Racing, Driving	Human Entertainment	1
F1 Racing Championship (Europe) (En,Fr,De,Es,It)	F1 Racing Championship	2000	Racing, Driving	Ubi Soft Entertainment	1-2
Famista 64 (Japan)	Famista 64	1997	Sports / Baseball/Sports	Namco	1-4
FIFA - Road to World Cup 98 (USA) (En,Fr,De,Es,It,Nl,Sv)	FIFA : Road to World Cup 98	1997	Sports / Football (Soccer)/Sports	Extended Play Productions	1-4
FIFA 99 (USA) (En,Fr,De,Es,It,Nl,Pt,Sv)	FIFA 99	1998	Sports / Football (Soccer)/Sports	Software Creations	1-4
FIFA Soccer 64 (USA) (En,Fr,De)	FIFA Soccer 64	1997	Sports / Football (Soccer)/Sports	Extended Play Productions	1-4
Fighter Destiny 2 (USA)	Fighter Destiny 2	2000	Fighting / Versus/Fighting	Genki	1-2
Fighters Destiny (USA)	Fighters Destiny	1998	Fighting / Versus/Fighting	Opus Software	1-2
Fighting Force 64 (USA)	Fighting Force 64	1999	Beat'em Up	Core Design	1-2
Flying Dragon (USA)	Flying Dragon	1998	Fighting / Versus/Fighting	Culture Brain	1-2
Forsaken 64 (USA)	Forsaken 64	1998	Shooter / FPV/Shooter	Iguana Entertainment	1-4
Fox Sports College Hoops '99 (USA)	Fox Sports College Hoops '99	1998	Sports / Basketball/Sports	Z-Axis	1-2
Freak Boy (Unknown) (Proto)	Freak Boy	1997	Platform	Burst	1
Frogger 2 (USA) (Proto 4)	Frogger 2 : Swampy's Revenge	1999	Platform	Blitz Games	1-4
Fushigi no Dungeon - Fuurai no Shiren 2 - Oni Shuurai! Shiren Jou! (Japan)	Fushigi no Dungeon : Fuurai no Shiren 2, Oni Shuurai! Shiren Jou!	2000	Role Playing Game	Chunsoft	1
Gauntlet Legends (USA)	Gauntlet Legends	1999	Role Playing Game	Atari	1-4
Getter Love!! - Cho Renai Party Game Tanjou (Japan)	Getter Love!! Cho Renai Party Game	1998	Simulation	Hudson Soft	1-4
Gex 3 - Deep Cover Gecko (USA)	Gex 3 : Deep Cover Gecko	1999	Platform	Gratuitous Games	1
Gex 64 - Enter the Gecko (USA)	Gex 64 : Enter the Gecko	1998	Platform	Realtime Associates	1
Glover (USA)	Glover	1998	Platform	Interactive Studios	1
Glover 2 (USA) (Proto 2)	Glover 2	2000	Platform	Interactive Studios	1
Goemon - Mononoke Sugoroku (Japan)	Goemon : Mononoke Sugoroku	1999	Asiatic board game	Konami	1-4
Goemon's Great Adventure (USA)	Goemon's Great Adventure	1999	Platform	Konami	1-2
Golden Nugget 64 (USA)	Golden Nugget 64	1998	Casino/Casino / Slot machine	Westwood Studios	1-4
GoldenEye 007 (USA)	GoldenEye 007	1997	Shooter / FPV/Shooter	Rareware	1-4
GT 64 - Championship Edition (USA)	GT 64: Championship Edition	1998	Racing, Driving	Imagineer	1-2
Hamster Monogatari 64 (Japan)	Hamster Monogatari 64	2001	Simulation	Culture Brain	1
Harukanaru Augusta - Masters '98 (Japan)	Harukanaru Augusta : Masters '98	1997	Sports / Golf/Sports	T&E Soft	1-4
Harvest Moon 64 (USA)	Harvest Moon 64	1999	Role Playing Game	Victor Interactive Software	1
Heiwa Pachinko World 64 (Japan)	Heiwa Pachinko World 64	1997	Casino	Shouei	1
Hercules - The Legendary Journeys (USA)	Hercules - The Legendary Journeys	2000	Action/Adventure/Action / Adventure	Player 1	1
Hexen (USA)	Hexen	1997	Shooter / FPV/Shooter	Software Creations	1-4
Hey You, Pikachu! (USA)	Hey You, Pikachu!	2000	Adventure	Ambrella	1
Hot Wheels - Turbo Racing (USA)	Hot Wheels : Turbo Racing	1999	Racing, Driving	Stormfront Studios	1-2
Hybrid Heaven (USA)	Hybrid Heaven	1999	Action RPG/Role Playing Game	Konami	1-2
Hydro Thunder (USA)	Hydro Thunder	2000	Racing, Driving / Boat/Racing, Driving	Eurocom	1-4
Ide Yosuke no Mahjong Juku (Japan)	Ide Yosuke no Mahjong Juku	2000	Asiatic board game/Mahjong	SETA	1-2
Iggy's Reckin' Balls (USA)	Iggy's Reckin' Balls	1998	Racing, Driving	Iguana Entertainment	1-4
In-Fisherman - Bass Hunter 64 (USA)	In-Fisherman: Bass Hunter 64	1999	Fishing/Hunting and Fishing	Gear Head Entertainment	1
Indiana Jones and the Infernal Machine (USA)	Indiana Jones and the Infernal Machine	2000	Adventure	Factor 5	1
Indy Racing 2000 (USA)	Indy Racing 2000	2000	Racing, Driving	Paradigm Entertainment	1-2
International Superstar Soccer '98 (USA)	International Superstar Soccer 98	1998	Sports / Football (Soccer)/Sports	KCEO	1-4
International Superstar Soccer 2000 (USA) (En,Es)	International Superstar Soccer 2000	2000	Sports / Football (Soccer)/Sports	KCEO	1-4
International Superstar Soccer 64 (USA)	International Superstar Soccer 64	1997	Sports / Football (Soccer)/Sports	KCEO	1-4
International Track & Field 2000 (USA)	International Track & Field 2000	2000	Action/Sports / Multisports/Sports	Konami	1-4
Itoi Shigesato no Bass Tsuri No. 1 Kettei Ban! (Japan)	Itoi Shigesato no Bass Tsuri No. 1 Kettei Ban!	2000	Hunting and Fishing/Fishing	Dice	1
J.League Dynamite Soccer 64 (Japan)	J.League Dynamite Soccer 64	1997	Sports / Football (Soccer)/Sports	A-Max	1-4
J.League Eleven Beat 1997 (Japan)	J.League Eleven Beat 1997	1997	Sports / Football (Soccer)/Sports	Hudson Soft	1-2
J.League Live 64 (Japan)	J.League Live 64	1997	Sports/Sports / Football (Soccer)	Electronic Arts	1-2
J.League Tactics Soccer (Japan)	J.League Tactics Soccer	1999	Sports / Football (Soccer)/Sports	ASCII	1
Jangou Simulation Mahjong Dou 64 (Japan)	Jangou Simulation Mahjong Dou 64	1997	Asiatic board game/Mahjong	Art	1-2
Jeopardy! (USA)	Jeopardy!	1998	Quiz	GameTek	1-3
Jeremy McGrath Supercross 2000 (USA)	Jeremy McGrath Supercross 2000	2000	Racing, Driving / Motorcycle/Racing, Driving	Acclaim Entertainment	1-2
Jet Force Gemini (USA)	Jet Force Gemini	1999	Action / Adventure/Action	Rareware	1-4
Jikkyou G1 Stable (Japan)	Jikkyou G1 Stable	1999	Horse racing/Sports with animals	Konami	1
Jikkyou J.League Perfect Striker (Japan)	Jikkyou J.League Perfect Striker	1996	Sports / Football (Soccer)/Sports	KCEO	1-4
Jikkyou Powerful Pro Yakyuu - Basic Ban 2001 (Japan)	Jikkyou Powerful Pro Yakyuu Basic Ban 2001	2001	Sports/Sports / Baseball	Diamond Head	1-2
Jikkyou Powerful Pro Yakyuu 2000 (Japan)	Jikkyou Powerful Pro Yakyuu 2000	2000	Sports / Baseball/Sports	Diamond Head	1-2
Jikkyou Powerful Pro Yakyuu 4 (Japan)	Jikkyou Powerful Pro Yakyuu 4	1997	Sports / Baseball/Sports	Diamond Head	1-2
Jikkyou Powerful Pro Yakyuu 5 (Japan)	Jikkyou Powerful Pro Yakyuu 5	1998	Sports / Baseball/Sports	Diamond Head	1-2
Jikkyou Powerful Pro Yakyuu 6 (Japan)	Jikkyou Powerful Pro Yakyuu 6	1999	Sports / Baseball/Sports	Diamond Head	1-2
Jinsei Game 64 (Japan)	Jinsei Game 64	1999	Asiatic board game	Takara	1-4
John Romero's Daikatana (USA)	John Romero's Daikatana	2000	Shooter / FPV/Shooter	Kemco	1-4
Ken Griffey Jr.'s Slugfest (USA)	Ken Griffey Jr.'s Slugfest	1999	Sports / Baseball/Sports	Angel	1-4
Killer Instinct Gold (USA)	Killer Instinct Gold	1996	Fighting / Versus/Fighting	Rareware	1-2
Kiratto Kaiketsu! 64 Tanteidan (Japan)	Kiratto Kaiketsu! 64 Tanteidan	1998	Casual Game	Pandora Box	1-4
Kirby 64 - The Crystal Shards (USA)	Kirby 64 : The Crystal Shards	2000	Platform	HAL Laboratory	1-4
Knife Edge - Nose Gunner (USA)	Knife Edge - Nose Gunner	1998	Shoot'em Up	Kemco	1-4
Knockout Kings 2000 (USA)	Knockout Kings 2000	1999	Sports / Boxing/Sports	Black Ops Entertainment	1-2
Kobe Bryant in NBA Courtside (USA)	Kobe Bryant in NBA Courtside	1998	Sports / Basketball/Sports	Left Field Productions	1-4
Last Legion UX (Japan)	Last Legion UX	1999	Fighting / Versus/Fighting	Yuke's	1-2
Legend of Zelda, The - Majora's Mask (USA)	The Legend of Zelda : Majora's Mask	2000	Role Playing Game	Nintendo	1
Legend of Zelda, The - Ocarina of Time (USA)	The Legend of Zelda : Ocarina of Time	1998	Role Playing Game	Nintendo	1
Legend of Zelda, The - Ocarina of Time - Master Quest (USA) (GameCube)	The Legend of Zelda : Ocarina of Time Master Quest	2003	Role Playing Game	Nintendo	1
LEGO Racers (USA) (En,Fr,De,Es,It,Nl,Sv,No,Da,Fi)	LEGO Racers	1999	Racing, Driving	High Voltage	1-2
Lode Runner 3-D (USA)	Lode Runner 3-D	1999	Platform / Run & Jump/Platform	Big Bang Software	1
Mace - The Dark Age (USA)	Mace : The Dark Age	1997	Fighting / Versus/Fighting	Midway	1-2
Madden Football 64 (USA)	Madden Football 64	1997	Sports / Football (American)/Sports	EA Tiburon	1-4
Madden NFL 2000 (USA)	Madden NFL 2000	1999	Sports / Football (American)/Sports	EA Tiburon	1-4
Madden NFL 2001 (USA)	Madden NFL 2001	2000	Sports / Football (American)/Sports	EA Tiburon	1-4
Madden NFL 2002 (USA)	Madden NFL 2002	2001	Sports / Football (American)/Sports	Budcat	1-4
Madden NFL 99 (USA)	Madden NFL 99	1998	Sports / Football (American)/Sports	EA Tiburon	1-4
Magical Tetris Challenge (USA)	Magical Tetris Challenge	1999	Puzzle / Fall/Puzzle	Capcom	1-2
Mahjong 64 (Japan)	Mahjong 64	1997	Asiatic board game/Mahjong	Chat Noir	1-4
Mahjong Hourouki Classic (Japan)	Mahjong Hourouki Classic	1997	Asiatic board game/Mahjong	Alpha Unit	1-4
Mahjong Master (Japan)	Mahjong Master	1996	Asiatic board game/Mahjong	Konami	1-4
Major League Baseball Featuring Ken Griffey Jr. (USA)	Major League Baseball Featuring Ken Griffey Jr.	1998	Sports / Baseball/Sports	Angel	1-2
Mario Golf (USA)	Mario Golf	1999	Sports / Golf/Sports	Camelot Software Planning	1-4
Mario Kart 64 (USA)	Mario Kart 64	1997	Racing, Driving	Nintendo	1-4
Mario no Photopie (Japan)	Mario no Photopi	1998	Various	Datt Japan	1
Mario Party (USA)	Mario Party	1999	Board game	Hudson Soft	1-4
Mario Party 2 (USA)	Mario Party 2	2000	Board game	Hudson Soft	1-4
Mario Party 3 (USA)	Mario Party 3	2001	Board game	Hudson Soft	1-4
Mario Tennis (USA)	Mario Tennis	2000	Sports / Tennis/Sports	Camelot Software Planning	1-4
Mega Man 64 (USA)	Mega Man 64	2001	Action / Adventure/Action	Capcom	1
Mia Hamm Soccer 64 (USA) (En,Es)	Mia Hamm Soccer 64	2000	Sports / Football (Soccer)/Sports	Silicon Dreams	1-4
Mickey's Speedway USA (USA)	Mickey's Speedway USA	2000	Racing, Driving	Rareware	1-4
Micro Machines 64 Turbo (USA)	Micro Machines 64 Turbo	1999	Racing, Driving	Codemasters	1-4
Midway's Greatest Arcade Hits - Volume 1 (USA)	Midway's Greatest Arcade Hits : Volume 1	2000	Compilation	Digital Eclipse	1
Mike Piazza's Strike Zone (USA)	Mike Piazza's StrikeZone	1998	Sports / Baseball/Sports	Devil's Thumb Entertainment	1-2
Milo's Astro Lanes (USA)	Milo's Astro Lanes	1998	Sports / Bowling/Sports	Player 1	1-4
Mini Racers (USA) (Ja) (Proto)	Mini Racers	1999	Racing, Driving	Looking Glass	1-4
Mischief Makers (USA)	Mischief Makers	1997	Platform / Run & Jump/Platform	Treasure	1
Mission - Impossible (USA)	Mission : Impossible	1998	Adventure	Infogrames	1
Monaco Grand Prix (USA)	Monaco Grand Prix	1999	Racing, Driving	Ubi Soft Entertainment	1-2
Monopoly (USA)	Monopoly	1999	Board game	Minds Eye	1-4
Monster Truck Madness 64 (USA)	Monster Truck Madness 64	1999	Racing, Driving	Edge of Reality	1-4
Morita Shougi 64 (Japan)	Morita Shougi 64	1998	Asiatic board game/Shougi	SETA	1-4
Mortal Kombat 4 (USA)	Mortal Kombat 4	1998	Fighting / Versus/Fighting	Eurocom	1-2
Mortal Kombat Mythologies - Sub-Zero (USA)	Mortal Kombat Mythologies : Sub-Zero	1997	Action / Adventure/Action	Avalanche Software	1
Mortal Kombat Trilogy (USA)	Mortal Kombat Trilogy	1996	Fighting / 2D/Fighting	Midway	1-2
MRC - Multi-Racing Championship (USA)	MRC: Multi-Racing Championship	1997	Racing, Driving	Genki	1-2
Ms. Pac-Man - Maze Madness (USA)	Ms. Pac-Man : Maze Madness	2000	Action / Labyrinth/Action	Namco	1-4
Mystical Ninja Starring Goemon (USA)	Mystical Ninja Starring Goemon	1998	Action / Adventure/Action	Konami	1
Nagano Winter Olympics '98 (USA)	Nagano Winter Olympics '98	1998	Sports / Multisports/Sports	Konami	1-4
Namco Museum 64 (USA)	Namco Museum 64	1999	Compilation	Mass Media	1-2
NASCAR 2000 (USA)	NASCAR 2000	1999	Racing, Driving	Stormfront Studios	1-2
NASCAR 99 (USA)	NASCAR 99	1998	Racing, Driving	Stormfront Studios	1-2
NBA Courtside 2 featuring Kobe Bryant (USA)	NBA Courtside 2 featuring Kobe Bryant	1999	Sports / Basketball/Sports	Left Field Productions	1-4
NBA Hangtime (USA)	NBA Hangtime	1997	Sports / Basketball/Sports	Funcom	1-4
NBA in the Zone '98 (USA)	NBA In The Zone '98	1998	Sports / Basketball/Sports	Konami	1-4
NBA in the Zone '99 (USA)	NBA In The Zone '99	1999	Sports / Basketball/Sports	Konami	1-4
NBA in the Zone 2000 (USA)	NBA In The Zone 2000	2000	Sports / Basketball/Sports	Konami	1-4
NBA Jam 2000 (USA)	NBA Jam 2000	1999	Sports / Basketball/Sports	Acclaim Entertainment	1-4
NBA Jam 99 (USA)	NBA Jam 99	1998	Sports / Basketball/Sports	Iguana Entertainment	1-4
NBA Live 2000 (USA) (En,Fr,De,Es)	NBA Live 2000	1999	Sports / Basketball/Sports	NuFX	1-4
NBA Live 99 (USA) (En,Fr,De,Es,It)	NBA Live 99	1998	Sports / Basketball/Sports	NuFX	1-4
NBA Showtime - NBA on NBC (USA)	NBA Showtime : NBA on NBC	1999	Sports / Basketball/Sports	Eurocom	1-4
Neon Genesis Evangelion (Japan)	Neon Genesis Evangelion	1999	Fighting	BEC	1-2
New Tetris, The (USA)	The New Tetris	1999	Puzzle / Fall/Puzzle	H2O Interactive	1-4
NFL Blitz (USA)	NFL Blitz	1997	Sports / Football (American)/Sports	Midway	1-2
NFL Blitz - Special Edition (USA)	NFL Blitz : Special Edition	2001	Sports / Football (American)/Sports	Point of View	1-4
NFL Blitz 2000 (USA)	NFL Blitz 2000	1999	Sports / Football (American)/Sports	Midway	1-4
NFL Blitz 2001 (USA)	NFL Blitz 2001	2000	Sports / Football (American)/Sports	Midway	1-4
NFL QB Club 2001 (USA)	NFL QB Club 2001	2000	Sports / Football (American)/Sports	High Voltage	1-4
NFL Quarterback Club 2000 (USA)	NFL Quarterback Club 2000	1999	Sports / Football (American)/Sports	Acclaim Entertainment	1-4
NFL Quarterback Club 98 (USA)	NFL Quarterback Club 98	1997	Sports / Football (American)/Sports	Iguana Entertainment	1-4
NFL Quarterback Club 99 (USA)	NFL Quarterback Club 99	1998	Sports / Football (American)/Sports	Iguana Entertainment	1-4
NHL 99 (USA)	NHL 99	1998	Sports / Hockey/Sports	MBL Research	1-4
NHL Blades of Steel '99 (USA)	NHL Blades of Steel '99	1999	Sports / Hockey/Sports	Konami	1-4
NHL Breakaway 98 (USA)	NHL Breakaway 98	1998	Sports / Hockey/Sports	Iguana Entertainment	1-4
NHL Breakaway 99 (USA)	NHL Breakaway 99	1998	Sports / Hockey/Sports	Iguana Entertainment	1-4
Nightmare Creatures (USA)	Nightmare Creatures	1998	Action / Adventure/Action	Kalisto	1
Nintama Rantarou 64 Game Gallery (Japan)	Nintama Rantarou 64 Game Gallery	2000	Puzzle	Culture Brain	1-4
Nuclear Strike 64 (USA)	Nuclear Strike 64	1999	Shooter / Plane, TPV/Shooter	Pacific Coast Power & Light	1
Nushi Zuri 64 (Japan)	Nushi Zuri 64	1998	Fishing/Hunting and Fishing	Pack In Video	1
Nushi Zuri 64 - Shiokaze ni Notte (Japan)	Nushi Zuri 64 : Shiokaze ni Notte	2000	Fishing/Hunting and Fishing	Pack-In-Video	1
O.D.T. (USA) (En,Fr,Es) (Proto)	O.D.T.	1999	Shooter	Psygnosis	1-2
Off Road Challenge (USA)	Off Road Challenge	1998	Racing, Driving	Avalanche Software	1-2
Ogre Battle 64 - Person of Lordly Caliber (USA)	Ogre Battle 64 : Person of Lordly Caliber	2000	Tactical RPG/Role Playing Game	Quest	1
Olympic Hockey 98 (USA)	Olympic Hockey '98	1998	Sports / Hockey/Sports	Treyarch	1-4
Onegai Monsters (Japan)	Onegai Monsters	1999	Role Playing Game	Bottom Up Interactive	1
Pachinko 365 Nichi (Japan)	Pachinko 365 Nichi	1998	Casino	SETA	1
Paper Mario (USA)	Paper Mario	2001	Role Playing Game	Intelligent Systems	1
Paperboy (USA)	Paperboy	1999	Sports / Cycling/Sports	High Voltage	1
Parlor! Pro 64 - Pachinko Jikki Simulation Game (Japan)	Parlor! Pro 64 : Pachinko Jikki Simulation Game	1999	Casino	Irem	1
PD Ultraman Battle Collection 64 (Japan)	PD Ultraman Battle Collection 64	1999	Role Playing Game	Bandai	1
Penny Racers (USA)	Penny Racers	1999	Racing, Driving	Locomotive	1-4
Perfect Dark (USA)	Perfect Dark	2000	Shooter / FPV/Shooter	Rareware	1-4
PGA European Tour (USA)	PGA European Tour	2000	Sports / Golf/Sports	Infogrames	1-4
Pilotwings 64 (USA)	Pilotwings 64	1996	Racing, Driving/Racing, Driving / Plane	Nintendo	1
Pokemon Puzzle League (USA)	Pokémon Puzzle League	2000	Puzzle	Nintendo	1-2
Pokemon Snap (USA)	Pokémon Snap	1999	Shooter / Vehicle, FPV/Shooter	HAL Laboratory	1
Pokemon Stadium (Japan)	Pocket Monsters Stadium	1998	Strategy	HAL Laboratory	1-2
Pokemon Stadium (USA)	Pokémon Stadium	2000	Fighting/Strategy	HAL Laboratory	1-4
Pokemon Stadium 2 (USA)	Pokémon Stadium 2	2001	Fighting/Strategy	HAL Laboratory	1-4
Polaris SnoCross (USA)	Polaris SnoCross	2000	Racing, Driving	Vicarious Vision	1-4
Power League 64 (Japan)	Power League 64	1997	Sports / Baseball/Sports	Hudson Soft	1-2
Power Rangers - Lightspeed Rescue (USA)	Saban's Power Rangers : Lightspeed Rescue	2000	Beat'em Up	Mass Media	1-2
Powerpuff Girls, The - Chemical X-Traction (USA)	The Powerpuff Girls : Chemical X-Traction	2001	Beat'em Up	VIS Entertainment	1-2
Premier Manager 64 (Europe)	Premier Manager 64	1999	Sports / Football (Soccer)/Sports	Gremlin Interactive	1
Pro Mahjong Kiwame 64 (Japan)	Pro Mahjong Kiwame 64	1997	Asiatic board game/Mahjong	Athena	1
Pro Mahjong Tsuwamono 64 - Jansou Battle ni Chousen (Japan)	Pro Mahjong Tsuwamono 64 : Jansou Battle ni Chousen	1999	Asiatic board game/Mahjong	Culture Brain	1-4
Puyo Puyo Sun 64 (Japan)	Puyo Puyo Sun 64	1997	Puzzle / Fall/Puzzle	Compile	1-2
Puyo Puyoon Party (Japan)	Puyo Puyo 4 : Puyo Puyon Party	1999	Puzzle / Fall/Puzzle	Compile	1-4
Quake (USA)	Quake	1998	Shooter / FPV/Shooter	Midway	1-2
Quake II (USA)	Quake II	1999	Shooter / FPV/Shooter	Raster Productions	1-4
Quest 64 (USA)	Quest 64	1998	Role Playing Game	Imagineer	1
Rakugakids (Europe)	Rakuga Kids	1998	Fighting / Versus/Fighting	KCET	1-2
Rally Challenge 2000 (USA)	Rally Challenge 2000	2000	Racing, Driving	Genki	1-4
Rampage - World Tour (USA)	Rampage : World Tour	1998	Beat'em Up	Saffire	1-3
Rampage 2 - Universal Tour (USA)	Rampage 2 : Universal Tour	1999		Avalanche Software	1-3
Rat Attack! (USA)	Rat Attack!	2000	Puzzle	Pure Entertainment	1-4
Rayman 2 - The Great Escape (USA) (En,Fr,De,Es,It)	Rayman 2 : The Great Escape	1999	Platform	Ubi Soft Entertainment	1
Razor Freestyle Scooter (USA)	Razor Freestyle Scooter	2001	Sports	Titanium	1-2
Re-Volt (USA)	Re-Volt	1999	Racing, Driving	Acclaim Entertainment	1-4
Ready 2 Rumble Boxing (USA)	Ready 2 Rumble Boxing	1999	Sports / Boxing/Sports	Point of View	1-2
Ready 2 Rumble Boxing - Round 2 (USA)	Ready 2 Rumble Boxing : Round 2	2000	Sports / Boxing/Sports	Point of View	1-2
Resident Evil 2 (USA)	Resident Evil 2	1999	Adventure / Survival Horror/Adventure	Angel	1
Riqa (Europe) (Proto) (2000-02-14)	Riqa	2000	Action / Adventure/Action	Bits Studios Ltd.	1
Road Rash 64 (USA)	Road Rash 64	1999	Racing, Driving	Pacific Coast Power & Light	1-4
Roadsters (USA) (En,Fr,Es)	Roadsters	1999	Racing, Driving	Titus	1-4
Robot Poncots 64 - 7tsu no Umi no Caramel (Japan)	Robot Poncots 64 : 7tsu no Umi no Caramel	1999	Role Playing Game	Hudson Soft	1
Robotech - Crystal Dreams (USA) (Proto 2)	Robotech : Crystal Dreams	1998	Shooter / Vehicle, FPV/Shooter	GameTek	1-4
Robotron 64 (USA)	Robotron 64	1998	Shooter	Player 1	1
Rocket - Robot on Wheels (USA)	Rocket : Robot On Wheels	1999	Platform / Run & Jump/Platform	Sucker Punch Productions	1
RR64 - Ridge Racer 64 (USA)	Ridge Racer 64	2000	Racing, Driving	Nintendo	1-4
Rugrats - Scavenger Hunt (USA)	Rugrats : Scavenger Hunt	1999	Board game	Realtime Associates	1-4
Rugrats in Paris - The Movie (USA)	Rugrats in Paris : The Movie	2000	Action / Adventure/Action	Avalanche Software	1-4
Rush 2 - Extreme Racing USA (USA)	Rush 2 : Extreme Racing USA	1998	Racing, Driving	Midway	1-2
S.C.A.R.S. (USA)	S.C.A.R.S.	1998	Racing, Driving	Vivid Image	1-4
Saikyou Habu Shougi (Japan)	Saikyou Habu Shougi	1996	Shougi/Asiatic board game	SETA	1
San Francisco Rush - Extreme Racing (USA) (En,Fr,De)	San Francisco Rush : Extreme Racing	1997	Racing, Driving	Midway	1-2
San Francisco Rush 2049 (USA)	San Francisco Rush 2049	2000	Racing, Driving	Midway	1-4
Scooby-Doo! - Classic Creep Capers (USA)	Scooby-Doo! : Classic Creep Capers	2000	Action / Adventure/Action	Terraglyph Interactive Studios	1
SD Hiryuu no Ken Densetsu (Japan)	SD Hiryuu no Ken Densetsu	1999	Fighting / Versus/Fighting	Culture Brain	1-2
Sesame Street - Elmo's Letter Adventure (USA)	Sesame Street : Elmo's Letter Adventure	1999	Educational/Adventure	Realtime Associates	1
Sesame Street - Elmo's Number Journey (USA)	Sesame Street : Elmo's Number Journey	1999	Adventure	Realtime Associates	1
Shadow Man (USA)	Shadow Man	1999	Action / Adventure/Action	Acclaim Entertainment	1
Shadowgate 64 - Trials of the Four Towers (USA) (En,Es)	Shadowgate 64 : Trials of the Four Towers	1999	Puzzle	Infinite Ventures	1
Shin Nihon Pro Wrestling Toukon Road - Brave Spirits (Japan)	Shin Nihon Pro Wrestling Toukon Road : Brave Spirits	1998	Sports / Wrestling/Sports	Yuke's	1-2
Shin Nihon Pro Wrestling Toukon Road 2 - The Next Generation (Japan)	Shin Nihon Pro Wrestling Toukon Road 2 : The Next Generation	1998	Sports / Wrestling/Sports	Yuke's	1-2
SimCity 2000 (Japan)	SimCity 2000	1998	Build And Management/Simulation	Genki	1
SimCopter 64 (USA) (Proto) (E3 1997)	SimCopter 64	1997	Simulation / Vehicle/Simulation	Maxis Software	1
Snowboard Kids (USA)	Snowboard Kids	1998	Sports / Skiing/Sports	Racdym	1-4
Snowboard Kids 2 (USA)	Snowboard Kids 2	1999	Sports / Skiing/Sports	Racdym	1-4
South Park (USA)	South Park	1998	Shooter / FPV/Shooter	Iguana Entertainment	1-4
South Park - Chef's Luv Shack (USA)	South Park : Chef's Luv Shack	1999	Casual Game	Acclaim Entertainment	1-4
South Park Rally (USA)	South Park Rally	2000	Racing, Driving	Tantalus Media	1-4
Space Invaders (USA)	Space Invaders	1999	Shooter / Space Invaders Like/Shooter	Z-Axis	1-2
SpaceStation Silicon Valley (USA)	Space Station Silicon Valley	1998	Platform	DMA Design	1
Spider-Man (USA)	Spider-Man	2000	Action / Adventure/Action	Edge of Reality	1
Star Fox 64 (USA)	Star Fox 64	1997	Shooter / Vehicle, TPV/Shooter	Nintendo	1-4
Star Soldier - Vanishing Earth (USA)	Star Soldier : Vanishing Earth	1998	Shoot'em Up / Vertical/Shoot'em Up	Hudson Soft	1
Star Wars - Rogue Squadron (USA)	Star Wars : Rogue Squadron	1998	Shooter / Vehicle, TPV/Shooter	Factor 5	1
Star Wars - Shadows of the Empire (USA)	Star Wars : Shadows of the Empire	1996	Shooter / TPV/Shooter	LucasArts	1
Star Wars Episode I - Battle for Naboo (USA)	Star Wars : Episode I - Battle for Naboo	2000	Shooter / Vehicle, TPV/Shooter	Factor 5	1
Star Wars Episode I - Racer (USA)	Star Wars Episode I : Racer	1999	Racing, Driving	LucasArts	1-2
StarCraft 64 (USA)	StarCraft 64	2000	Strategy	Mass Media	1-2
Starshot - Space Circus Fever (USA) (En,Fr,Es)	Starshot : Space Circus Fever	1999	Platform / Run & Jump/Platform	Infogrames	1
Stunt Racer 64 (USA)	Stunt Racer 64	2000	Racing, Driving	Boss Game	1-4
Super B-Daman - Battle Phoenix 64 (Japan)	Super B-Daman : Battle Phoenix 64	1998	Shooter / TPV/Shooter	Hudson Soft	1-4
Super Bowling (USA)	Super Bowling	2001	Sports / Bowling/Sports	Athena	1-4
Super Mario 64 (USA)	Super Mario 64	1996	Action/Action / Adventure	Nintendo	1
Super Robot Spirits (Japan)	Super Robot Spirits	1998	Fighting / Versus/Fighting	Vertex	1-2
Super Robot Taisen 64 (Japan)	Super Robot Taisen 64	1999	Role Playing Game	AI	1
Super Smash Bros. (USA)	Super Smash Bros.	1999	Fighting / Versus/Fighting	HAL Laboratory	1-4
Supercross 2000 (USA)	Supercross 2000	1999	Racing, Driving / Motorcycle/Racing, Driving	MBL Research	1-2
Superman - The New Superman Aventures (USA) (En,Fr,Es)	Superman : The New Superman Adventures	1999	Action / Adventure/Action	Titus	1-4
Susume! Taisen Puzzle Dama - Toukon! Marutama Chou (Japan)	Susume! Taisen Puzzle Dama : Toukon! Marutama Chou	1998	Puzzle	KCEK	1-2
Sydney 2000 (USA) (Proto)	Sydney 2000	2000	Sports / Multisports/Sports	Attention To Detail (ATD)	1-4
Tarzan (USA)	Tarzan	2000	Platform / Run & Jump/Platform	Eurocom	1
Taz Express (Europe) (En,Fr,De,Es,It,Nl)	Taz Express	2000	Platform / Run & Jump/Platform	Zed Two	1
Tetris 64 (Japan) (En)	Tetris 64	1998	Puzzle / Fall/Puzzle	Amtex	1-4
Tetrisphere (USA)	Tetrisphere	1997	Puzzle	H20 Interactive	1-2
Tigger's Honey Hunt (USA)	Tigger's Honey Hunt	2000	Platform/Platform / Run & Jump	Doki Denki	1-2
Tom and Jerry in Fists of Furry (USA)	Tom and Jerry in Fists of Furry	2000	Fighting / Versus/Fighting	VIS Entertainment	1-2
Tom Clancy's Rainbow Six (USA)	Rainbow Six	1999	Shooter / FPV/Shooter	Saffire	1-2
Tommy Thunder (USA) (Proto) (1997-10-01)	Tommy Thunder	1997	Lightgun Shooter	Player 1	1
Tonic Trouble (Europe) (En,Fr,De,Es,It)	Tonic Trouble	1999	Action / Adventure/Action	Ubi Soft Entertainment	1
Tony Hawk's Pro Skater (USA)	Tony Hawk's Pro Skater	2000	Sports / Skateboard/Sports	Edge of Reality	1-2
Tony Hawk's Pro Skater 2 (USA)	Tony Hawk's Pro Skater 2	2001	Sports / Skateboard/Sports	Edge of Reality	1-2
Tony Hawk's Pro Skater 3 (USA)	Tony Hawk's Pro Skater 3	2002	Sports / Skateboard/Sports	Edge of Reality	1-2
Toon Panic (Japan) (Proto)	Toon Panic	2000	Sports	Bottom Up Interactive	1-4
Top Gear Hyper-Bike (USA)	Top Gear Hyper-Bike	2000	Racing, Driving / Motorcycle/Racing, Driving	Snowblind	1-2
Top Gear Overdrive (USA)	Top Gear Overdrive	1998	Racing, Driving	Snowblind	1-4
Top Gear Rally (USA)	Top Gear Rally	1997	Racing, Driving	Boss Game	1-2
Top Gear Rally 2 (USA)	Top Gear Rally 2	1999	Racing, Driving	Saffire	1-4
Toy Story 2 - Buzz Lightyear to the Rescue! (USA)	Toy Story 2 : Buzz Lightyear to the Rescue!	1999	Action/Action / Adventure	Traveller's Tales	1
Transformers - Beast Wars Transmetals (USA)	Transformers : Beast Wars Transmetals	2000	Fighting / Versus/Fighting	Locomotive	1-2
Triple Play 2000 (USA)	Triple Play 2000	1999	Sports / Baseball/Sports	Treyarch	1-2
Tsumi to Batsu - Hoshi no Keishousha (Japan)	Tsumi to Batsu : Hoshi no Keishousha	2000	Shooter / FPV/Shooter	Treasure	1-2
Turok - Dinosaur Hunter (USA)	Turok : Dinosaur Hunter	1997	Shooter / FPV/Shooter	Iguana Entertainment	1
Turok - Rage Wars (USA)	Turok : Rage Wars	1999	Shooter / FPV/Shooter	Acclaim Entertainment	1-4
Turok 2 - Seeds of Evil (USA)	Turok 2 : Seeds Of Evil	1998	Shooter / FPV/Shooter	Iguana Entertainment	1-4
Turok 3 - Shadow of Oblivion (USA)	Turok 3 : Shadow of Oblivion	2000	Shooter / FPV/Shooter	Acclaim Entertainment	1-4
Twisted Edge - Extreme Snowboarding (USA)	Twisted Edge : Extreme Snowboarding	1998	Sports / Skiing/Sports	Boss Game	1-2
Utchan Nanchan no Hono no Challenger - Denryuu Ira Ira Bou (Japan)	Utchan Nanchan no Hono no Challenger : Denryuu Ira Ira Bou	1997	Puzzle	Yuke's	1-4
V-Rally Edition 99 (USA)	V-Rally Edition '99	1999	Racing, Driving	Eden	1-2
Viewpoint 2064 (Japan) (Proto) (2000-04-13)	Viewpoint 2064	2001	Shoot'em Up / Vertical/Shoot'em Up	Racdym	1
Vigilante 8 (USA)	Vigilante 8	1999	Shooter/Shooter / Vehicle, TPV	Luxoflux	1-4
Vigilante 8 - 2nd Offense (USA)	Vigilante 8 : 2nd Offense	2000	Racing, Driving	Luxoflux	1-4
Virtual Chess 64 (USA) (En,Fr,Es)	Virtual Chess 64	1998	Board game	Titus	1-4
Virtual Pool 64 (USA)	Virtual Pool 64	1998	Sports / Pool/Sports	Celeris	1-2
Virtual Pro Wrestling 2 - Oudou Keishou (Japan)	Virtual Pro Wrestling 2 : Oudou Keishou	2000	Sports / Wrestling/Sports	Asmik	1-4
Virtual Pro Wrestling 64 (Japan)	Virtual Pro Wrestling 64	1997	Sports / Wrestling/Sports	AKI	1-4
Waialae Country Club - True Golf Classics (USA)	Waialae Country Club : True Golf Classics	1998	Sports / Golf/Sports	T&E Soft	1-4
War Gods (USA)	War Gods	1997	Fighting / Versus/Fighting	Eurocom	1-2
Wave Race 64 - Kawasaki Jet Ski (USA)	Wave Race 64	1996	Sports / Water/Sports	Nintendo	1-2
Wayne Gretzky's 3D Hockey '98 (USA)	Wayne Gretzky's 3D Hockey '98	1997	Sports / Hockey/Sports	Software Creations	1-4
Wayne Gretzky's 3D Hockey (USA)	Wayne Gretzky's 3D Hockey	1996	Sports / Hockey/Sports	Midway	1-4
WCW Backstage Assault (USA)	WCW Backstage Assault	2000	Sports/Sports / Wrestling	Kodiak Interactive	1-2
WCW Mayhem (USA)	WCW Mayhem	1999	Sports / Wrestling/Sports	Kodiak Interactive	1-4
WCW Nitro (USA)	WCW Nitro	1999	Sports / Wrestling/Sports	Inland Productions	1-4
WCW vs. nWo - World Tour (USA)	WCW vs. nWo World Tour	1997	Sports / Wrestling/Sports	AKI Corporation	1-4
WCW-nWo Revenge (USA)	WCW nWo Revenge	1998	Sports / Wrestling/Sports	AKI Corporation	1-4
Wetrix (USA) (En,Fr,De,Es,It,Nl)	Wetrix	1998	Puzzle	Zed Two	1-2
Wheel of Fortune (USA)	Wheel of Fortune	1997	Quiz / English/Quiz	GameTek	1-3
Wildwaters (USA) (1999-06-15) (Proto)	Wildwaters	1999	Racing, Driving	Looking Glass	1-2
WinBack - Covert Operations (USA)	WinBack : Covert Operations	1999	Shooter / TPV/Shooter	OMEGA Force	1-4
Wipeout 64 (USA)	WipEout 64	1998	Racing, Driving	Psygnosis	1-4
Wonder Project J2 - Koruro no Mori no Jozet (Japan)	Wonder Project J2 : Koruro no Mori no Jozet	1996	Simulation	Givro	1
World Cup 98 (USA) (En,Fr,De,Es,It,Nl,Sv,Da)	World Cup 98	1998	Sports / Football (Soccer)/Sports	EA Sports	1-4
World Driver Championship (USA)	World Driver Championship	1999	Racing, Driving	Boss Game	1-2
Worms Armageddon (USA) (En,Fr,Es)	Worms Armageddon	2000	Strategy	Infogrames	1-4
WWF Attitude (USA)	WWF Attitude	1999	Sports / Fighting/Sports	Acclaim Entertainment	1-4
WWF No Mercy (USA)	WWF No Mercy	2000	Sports / Fighting/Sports	AKI Corporation	1-4
WWF War Zone (USA)	WWF War Zone	1998	Sports / Fighting/Sports	Iguana Entertainment	1-4
WWF WrestleMania 2000 (USA)	WWF WrestleMania 2000	1999	Sports / Fighting/Sports	AKI Corporation	1-4
X'treme Roller (USA) (Proto)	X'treme Roller		Sports / Extreme/Sports	Titus Software	1
Xena - Warrior Princess - The Talisman of Fate (USA)	Xena : Warrior Princess - The Talisman of Fate	1999	Fighting	Saffire	1-4
Yakouchuu II - Satsujin Kouro (Japan)	Yakouchuu II : Satsujin Kouro	1999	Adventure	Athena	1
Yoshi's Story (USA) (En,Ja)	Yoshi's Story	1998	Action/Action / Adventure	Nintendo	1
Zool - Majuu Tsukai Densetsu (Japan)	Zool : Majuu Tsukai Densetsu	1999	Role Playing Game	Pandora Box	1
