#key	style	ss_system_id
'89 Dennou Kyuusei Uranai (Japan)	mixrbv2	3
10-Yard Fight (USA, Europe)	mixrbv2	3
1942 (Japan, USA) (En)	mixrbv2	3
1943 - The Battle of Midway (USA)	mixrbv2	3
1999 - Hore, Mitakotoka! Seikimatsu (Japan)	mixrbv2	3
3-D WorldRunner (USA)	mixrbv2	3
4 Nin Uchi Mahjong (Japan)	mixrbv2	3
720 Degrees (USA)	mixrbv2	3
8 Eyes (World) (Digital)	mixrbv2	3
A Ressha de Ikou (Japan)	mixrbv2	3
Aa Yakyuu Jinsei Icchokusen (Japan)	mixrbv2	3
Abadox - The Deadly Inner War (USA)	mixrbv2	3
Addams Family, The (USA)	mixrbv2	3
Addams Family, The - Pugsley's Scavenger Hunt (USA)	mixrbv2	3
Advanced Dungeons & Dragons - DragonStrike (USA)	mixrbv2	3
Advanced Dungeons & Dragons - Dragons of Flame (Japan)	mixrbv2	3
Advanced Dungeons & Dragons - Heroes of the Lance (USA)	mixrbv2	3
Advanced Dungeons & Dragons - Hillsfar (USA)	mixrbv2	3
Advanced Dungeons & Dragons - Pool of Radiance (USA)	mixrbv2	3
Adventure Island (USA)	mixrbv2	3
Adventure Island 3 (USA)	mixrbv2	3
Adventure Island II (USA)	mixrbv2	3
Adventures in the Magic Kingdom (USA)	mixrbv2	3
Adventures of Bayou Billy, The (USA)	mixrbv2	3
Adventures of Dino Riki (USA)	mixrbv2	3
Adventures of Dr. Franken, The (USA) (Proto)	mixrbv2	3
Adventures of Gilligan's Island, The (USA)	mixrbv2	3
Adventures of Lolo (USA)	mixrbv2	3
Adventures of Lolo 2 (USA)	mixrbv2	3
Adventures of Lolo 3 (USA)	mixrbv2	3
Adventures of Lolo II (Japan)	mixrbv2	3
Adventures of Rad Gravity, The (USA)	mixrbv2	3
Adventures of Rocky and Bullwinkle and Friends, The (USA)	mixrbv2	3
Adventures of Tom Sawyer (USA)	mixrbv2	3
After Burner (Japan) (En)	mixrbv2	3
Ai Sensei no Oshiete - Watashi no Hoshi (Japan)	mixrbv2	3
Aigina no Yogen - Balubalouk no Densetsu Yori (Japan)	mixrbv2	3
Air Fortress (USA)	mixrbv2	3
Airwolf (Japan) (Kyugo)	mixrbv2	3
Airwolf (USA) (Acclaim)	mixrbv2	3
Akagawa Jirou no Yuurei Ressha (Japan)	mixrbv2	3
Akira (Japan)	mixrbv2	3
Akuma-kun - Makai no Wana (Japan)	mixrbv2	3
Akumajou Special - Boku Dracula-kun (Japan)	mixrbv2	3
Al Unser Jr. Turbo Racing (USA)	mixrbv2	3
Aladdin (Europe)	mixrbv2	3
Alex DeMeo's Race America (USA)	mixrbv2	3
Alfred Chicken (USA)	mixrbv2	3
Alien 3 (USA)	mixrbv2	3
Alien Syndrome (Japan) (En)	mixrbv2	3
All-Pro Basketball (USA)	mixrbv2	3
Alpha Mission (USA)	mixrbv2	3
Amagon (USA)	mixrbv2	3
America Daitouryou Senkyo (Japan)	mixrbv2	3
America Oudan Ultra Quiz - Shijou Saidai no Tatakai (Japan)	mixrbv2	3
American Dream (Japan)	mixrbv2	3
American Gladiators (USA)	mixrbv2	3
Ankoku Shinwa - Yamato Takeru Densetsu (Japan)	mixrbv2	3
Anticipation (USA)	mixrbv2	3
Aoki Ookami to Shiroki Mejika - Genchou Hishi (Japan)	mixrbv2	3
Arcadia VI (USA) (Proto)	mixrbv2	3
Arch Rivals - A Basketbrawl! (USA)	mixrbv2	3
Archon (USA)	mixrbv2	3
Arctic (Japan) (En)	mixrbv2	3
Argus (Japan) (En)	mixrbv2	3
Arkanoid (USA)	mixrbv2	3
Arkanoid II (Japan) (En)	mixrbv2	3
Arkista's Ring (USA)	mixrbv2	3
Armadillo (Japan)	mixrbv2	3
Artelius (Japan)	mixrbv2	3
Asmik-kun Land (Japan)	mixrbv2	3
Asterix (Europe) (En,Fr,De,Es,It)	mixrbv2	3
Astro Fang - Super Machine (Japan)	mixrbv2	3
Astro Robo Sasa (Japan) (En)	mixrbv2	3
Astyanax (USA)	mixrbv2	3
Athena (USA)	mixrbv2	3
Athletic World (USA)	mixrbv2	3
Atlantis no Nazo (Japan) (En)	mixrbv2	3
Attack Animal Gakuen (Japan) (En) (Famicom 3D System)	mixrbv2	3
Attack of the Killer Tomatoes (USA)	mixrbv2	3
Aussie Rules Footy (Australia)	mixrbv2	3
B-Wings (Japan) (En)	mixrbv2	3
Babel no Tou (Japan) (En)	mixrbv2	3
Back to the Future (USA)	mixrbv2	3
Back to the Future Part II & III (USA)	mixrbv2	3
Bad Dudes (USA)	mixrbv2	3
Bad News Baseball (USA)	mixrbv2	3
Bad Street Brawler (USA)	mixrbv2	3
Baken Hisshou Gaku - Gate In (Japan)	mixrbv2	3
Bakushou! Star Monomane Shitennou (Japan)	mixrbv2	3
Bakushou!! Ai no Gekijou (Japan)	mixrbv2	3
Bakushou!! Jinsei Gekijou (Japan)	mixrbv2	3
Bakushou!! Jinsei Gekijou 2 (Japan)	mixrbv2	3
Bakushou!! Jinsei Gekijou 3 (Japan)	mixrbv2	3
Ballblazer (Japan) (En)	mixrbv2	3
Balloon Fight (USA)	mixrbv2	3
Baltron (Japan) (En)	mixrbv2	3
Banana (Japan) (En)	mixrbv2	3
Bananan Ouji no Daibouken (Japan)	mixrbv2	3
Bandai Golf - Challenge Pebble Beach (USA)	mixrbv2	3
Bandit Kings of Ancient China (USA)	mixrbv2	3
Barbie (USA)	mixrbv2	3
Barcode World (Japan)	mixrbv2	3
Bard's Tale II, The - The Destiny Knight (Japan)	mixrbv2	3
Bard's Tale, The (USA)	mixrbv2	3
Barker Bill's Trick Shooting (USA)	mixrbv2	3
Baseball (USA, Europe)	mixrbv2	3
Baseball Fighter (Japan)	mixrbv2	3
Baseball Simulator 1.000 (USA)	mixrbv2	3
Baseball Stars (USA)	mixrbv2	3
Baseball Stars II (USA)	mixrbv2	3
Bases Loaded (USA)	mixrbv2	3
Bases Loaded 3 (USA)	mixrbv2	3
Bases Loaded 4 (USA)	mixrbv2	3
Bases Loaded II - Second Season (USA)	mixrbv2	3
Batman - Return of the Joker (USA)	mixrbv2	3
Batman - The Video Game (USA)	mixrbv2	3
Batman Returns (USA)	mixrbv2	3
Batsu & Terry - Makyou no Tetsujin Race (Japan) (En)	mixrbv2	3
Battle Baseball (Japan)	mixrbv2	3
Battle Chess (USA)	mixrbv2	3
Battle Fleet (Japan)	mixrbv2	3
Battle Rush - Build Up Robot Tournament (Japan) (Datach)	mixrbv2	3
Battle Stadium - Senbatsu Pro Yakyuu (Japan)	mixrbv2	3
Battle Storm (Japan)	mixrbv2	3
Battle of Olympus, The (USA)	mixrbv2	3
BattleCity (World) (Star Fox - Assault)	mixrbv2	3
Battleship (USA)	mixrbv2	3
Battletoads (USA)	mixrbv2	3
Battletoads-Double Dragon (USA)	mixrbv2	3
Be-Bop-Highschool - Koukousei Gokuraku Densetsu (Japan)	mixrbv2	3
Beauty and the Beast (Europe)	mixrbv2	3
Beetlejuice (USA)	mixrbv2	3
Best Keiba - Derby Stallion (Japan)	mixrbv2	3
Best Play Pro Yakyuu '90 (Japan)	mixrbv2	3
Best Play Pro Yakyuu (Japan)	mixrbv2	3
Best Play Pro Yakyuu II (Japan)	mixrbv2	3
Best Play Pro Yakyuu Special (Japan)	mixrbv2	3
Best of the Best - Championship Karate (USA)	mixrbv2	3
Bigfoot (USA)	mixrbv2	3
Bikkuriman World - Gekitou Sei Senshi (Japan)	mixrbv2	3
Bill & Ted's Excellent Video Game Adventure (USA)	mixrbv2	3
Bill Elliott's NASCAR Challenge (USA)	mixrbv2	3
Binary Land (Japan) (En)	mixrbv2	3
Bio Force Ape (USA) (Proto)	mixrbv2	3
Bio Miracle Bokutte Upa (Japan) (En)	mixrbv2	3
Bio Senshi Dan - Increaser Tono Tatakai (Japan)	mixrbv2	3
Bionic Commando (USA)	mixrbv2	3
Bird Week (Japan) (En)	mixrbv2	3
Black Bass, The (Japan)	mixrbv2	3
Black Bass, The (USA)	mixrbv2	3
Blades of Steel (USA)	mixrbv2	3
Blaster Master (USA)	mixrbv2	3
Block Out (USA) (Proto)	mixrbv2	3
Blodia Land - Puzzle Quest (Japan) (En)	mixrbv2	3
Bloody Warriors - Shan-Go no Gyakushuu (Japan)	mixrbv2	3
Blue Marlin, The (USA)	mixrbv2	3
Blues Brothers, The (USA)	mixrbv2	3
Bo Jackson Baseball (USA)	mixrbv2	3
Bokosuka Wars (Japan) (En)	mixrbv2	3
Bomberman (USA)	mixrbv2	3
Bomberman II (USA)	mixrbv2	3
Bonk's Adventure (USA)	mixrbv2	3
Booby Kids (Japan) (En)	mixrbv2	3
Boulder Dash (USA)	mixrbv2	3
Bram Stoker's Dracula (USA)	mixrbv2	3
Break Time - The National Pool Tour (USA)	mixrbv2	3
BreakThru (USA)	mixrbv2	3
Bubble Bobble (USA)	mixrbv2	3
Bubble Bobble Part 2 (USA)	mixrbv2	3
Bucky O'Hare (USA)	mixrbv2	3
Bugs Bunny Birthday Blowout, The (USA)	mixrbv2	3
Bugs Bunny Crazy Castle, The (USA)	mixrbv2	3
Bump 'n' Jump (USA)	mixrbv2	3
Burai Fighter (USA)	mixrbv2	3
BurgerTime (USA)	mixrbv2	3
Business Wars (Japan)	mixrbv2	3
Cabal (USA)	mixrbv2	3
Cadillac (Japan)	mixrbv2	3
Caesars Palace (USA)	mixrbv2	3
California Games (USA)	mixrbv2	3
California Raisins - The Grape Escape (USA) (Proto 1)	mixrbv2	3
Capcom's Gold Medal Challenge '92 (USA)	mixrbv2	3
Captain America and the Avengers (USA)	mixrbv2	3
Captain ED (Japan)	mixrbv2	3
Captain Planet and the Planeteers (USA)	mixrbv2	3
Captain Silver (Japan)	mixrbv2	3
Captain Skyhawk (USA)	mixrbv2	3
Captain Tsubasa II - Super Striker (Japan)	mixrbv2	3
Casino Derby (Japan)	mixrbv2	3
Casino Kid (USA)	mixrbv2	3
Casino Kid II (USA)	mixrbv2	3
Castelian (USA)	mixrbv2	3
Castle Quest (Japan)	mixrbv2	3
Castle of Dragon (USA)	mixrbv2	3
Castlequest (USA)	mixrbv2	3
Castlevania (World) (Konami Collector's Series)	mixrbv2	3
Castlevania II - Simon's Quest (World) (Konami Collector's Series)	mixrbv2	3
Castlevania III - Dracula's Curse (World) (Konami Collector's Series)	mixrbv2	3
Cat Ninden Teyandee (Japan)	mixrbv2	3
Caveman Games (USA)	mixrbv2	3
Chack'n Pop (Japan) (En)	mixrbv2	3
Challenger (Japan) (En)	mixrbv2	3
Championship Bowling (USA)	mixrbv2	3
Championship Lode Runner (Japan) (En)	mixrbv2	3
Championship Pool (USA)	mixrbv2	3
Championship Rally (Europe)	mixrbv2	3
Chaos World (Japan)	mixrbv2	3
Chessmaster, The (USA)	mixrbv2	3
Chester Field - Ankoku Shin e no Chousen (Japan)	mixrbv2	3
Chibi Maruko-chan - Uki Uki Shopping (Japan)	mixrbv2	3
Chiisana Obake - Acchi Socchi Kocchi (Japan) (En)	mixrbv2	3
Chip 'n Dale - Rescue Rangers (USA)	mixrbv2	3
Chip 'n Dale - Rescue Rangers 2 (USA)	mixrbv2	3
Chip's Challenge (USA) (Proto)	mixrbv2	3
Chiyonofuji no Ooichou (Japan)	mixrbv2	3
Choplifter (Japan) (En)	mixrbv2	3
Chou Fuyuu Yousai - Exed Exes (Japan) (En)	mixrbv2	3
Choujikuu Yousai - Macross (Japan) (En)	mixrbv2	3
Choujin Sentai - Jetman (Japan) (En)	mixrbv2	3
Chris Evert & Ivan Lendl in Top Players' Tennis (USA)	mixrbv2	3
Chubby Cherub (USA)	mixrbv2	3
Chuck Yeager's Fighter Combat (USA) (Proto)	mixrbv2	3
Chuugoku Janshi Story - Tonfuu (Japan)	mixrbv2	3
Chuugoku Senseijutsu (Japan)	mixrbv2	3
Chuuka Taisen (Japan)	mixrbv2	3
Circus Caper (USA)	mixrbv2	3
Circus Charlie (Japan) (En)	mixrbv2	3
City Adventure Touch - Mystery of Triangle (Japan)	mixrbv2	3
City Connection (USA)	mixrbv2	3
Clash at Demonhead (USA)	mixrbv2	3
Classic Concentration (USA)	mixrbv2	3
Cliffhanger (USA)	mixrbv2	3
Clu Clu Land (World)	mixrbv2	3
Cobra Command (USA)	mixrbv2	3
Cobra Triangle (USA)	mixrbv2	3
Cocoron (Japan)	mixrbv2	3
Code Name - Viper (USA)	mixrbv2	3
Color a Dinosaur (USA)	mixrbv2	3
Columbus - Ougon no Yoake (Japan)	mixrbv2	3
Commando (USA)	mixrbv2	3
Conan (USA)	mixrbv2	3
Conflict (USA)	mixrbv2	3
Conquest of the Crystal Palace (USA)	mixrbv2	3
Contra (World) (Konami Collector's Series)	mixrbv2	3
Contra Force (USA)	mixrbv2	3
Cool World (USA)	mixrbv2	3
Cosmic Epsilon (Japan) (Famicom 3D System)	mixrbv2	3
Cosmic Wars (Japan)	mixrbv2	3
Cosmo Police Galivan (Japan)	mixrbv2	3
Cowboy Kid (USA)	mixrbv2	3
Crackout (Europe)	mixrbv2	3
Crash 'n' the Boys - Street Challenge (USA)	mixrbv2	3
Crayon Shin-chan - Ora to Poi Poi (Japan)	mixrbv2	3
Crazy Climber (Japan) (En)	mixrbv2	3
Crisis Force (Japan) (En)	mixrbv2	3
CrossFire (Japan) (En)	mixrbv2	3
Crystalis (USA)	mixrbv2	3
Cyber Stadium Series - Base Wars (USA)	mixrbv2	3
Cyberball (USA)	mixrbv2	3
Cybernoid - The Fighting Machine (USA)	mixrbv2	3
Cycle Race - Road Man (Japan) (En)	mixrbv2	3
Dai-2-ji Super Robot Taisen (Japan)	mixrbv2	3
Daikaijuu Deburas (Japan)	mixrbv2	3
Daisenryaku (Japan)	mixrbv2	3
Daiva - Imperial of Nirsartia (Japan)	mixrbv2	3
Dance Aerobics (USA)	mixrbv2	3
Danny Sullivan's Indy Heat (USA)	mixrbv2	3
Dark Lord (Japan)	mixrbv2	3
Darkman (USA)	mixrbv2	3
Darkwing Duck (USA)	mixrbv2	3
Dash Galaxy in the Alien Asylum (USA)	mixrbv2	3
Data East All-Star Collection (USA) (Retro-Bit)	mixrbv2	3
David Crane's A Boy and His Blob - Trouble on Blobolonia (USA)	mixrbv2	3
Day Dreamin' Davey (USA)	mixrbv2	3
Days of Thunder (USA)	mixrbv2	3
De-Block (Japan)	mixrbv2	3
Deadly Towers (USA)	mixrbv2	3
Deep Dungeon III - Yuushi e no Tabi (Japan)	mixrbv2	3
Deep Dungeon IV - Kuro no Youjutsushi (Japan)	mixrbv2	3
Defender II (USA)	mixrbv2	3
Defender of the Crown (USA)	mixrbv2	3
Defenders of Dynatron City (USA)	mixrbv2	3
Deja Vu (USA)	mixrbv2	3
Demon Sword (USA)	mixrbv2	3
Derby Stallion - Zenkoku Ban (Japan)	mixrbv2	3
Desert Commander (USA)	mixrbv2	3
Destination Earthstar (USA)	mixrbv2	3
Destiny of an Emperor (USA)	mixrbv2	3
Devil Man (Japan)	mixrbv2	3
Devil World (Europe)	mixrbv2	3
Dick Tracy (USA)	mixrbv2	3
Die Hard (USA)	mixrbv2	3
Dig Dug (Japan) (En)	mixrbv2	3
Dig Dug II - Trouble in Paradise (USA)	mixrbv2	3
Digger T. Rock - The Legend of the Lost City (USA)	mixrbv2	3
Digital Devil Story - Megami Tensei (Japan)	mixrbv2	3
Digital Devil Story - Megami Tensei II (Japan)	mixrbv2	3
Dino Hockey (USA) (Proto 2)	mixrbv2	3
Dirty Harry (USA)	mixrbv2	3
Dokuganryuu Masamune (Japan)	mixrbv2	3
Don Doko Don (Japan)	mixrbv2	3
Don Doko Don 2 (Japan)	mixrbv2	3
Donald Land (Japan) (En)	mixrbv2	3
Donkey Kong (Japan) (En)	mixrbv2	3
Donkey Kong 3 (World)	mixrbv2	3
Donkey Kong Classics (USA, Europe)	mixrbv2	3
Donkey Kong Jr. (Japan) (En)	mixrbv2	3
Donkey Kong Jr. + Jr. Lesson (Japan) (En)	mixrbv2	3
Donkey Kong Jr. Math (USA, Europe)	mixrbv2	3
Door Door (Japan) (En)	mixrbv2	3
Doraemon (Japan)	mixrbv2	3
Doraemon - Giga Zombie no Gyakushuu (Japan)	mixrbv2	3
Double Dare (USA)	mixrbv2	3
Double Dragon (USA)	mixrbv2	3
Double Dragon II - The Revenge (USA)	mixrbv2	3
Double Dragon III - The Sacred Stones (USA)	mixrbv2	3
Double Dribble (USA)	mixrbv2	3
Double Moon Densetsu (Japan)	mixrbv2	3
Dough Boy (Japan) (En)	mixrbv2	3
Downtown - Nekketsu Koushinkyoku - Soreyuke Daiundoukai (Japan)	mixrbv2	3
Downtown Special - Kunio-kun no Jidaigeki Da yo Zenin Shuugou! (Japan)	mixrbv2	3
Dr. Chaos (USA)	mixrbv2	3
Dr. Jekyll and Mr. Hyde (USA)	mixrbv2	3
Dr. Mario (Japan, USA) (En)	mixrbv2	3
Drac's Night Out (USA) (Proto)	mixrbv2	3
Dragon Ball - Daimaou Fukkatsu (Japan)	mixrbv2	3
Dragon Ball 3 - Gokuu Den (Japan)	mixrbv2	3
Dragon Ball Z - Gekitou Tenkaichi Budoukai (Japan) (Datach)	mixrbv2	3
Dragon Ball Z - Kyoushuu! Saiya Jin (Japan)	mixrbv2	3
Dragon Ball Z Gaiden - Saiya Jin Zetsumetsu Keikaku (Japan)	mixrbv2	3
Dragon Ball Z II - Gekishin Freeza!! (Japan)	mixrbv2	3
Dragon Ball Z III - Ressen Jinzou Ningen (Japan)	mixrbv2	3
Dragon Buster (Japan) (En)	mixrbv2	3
Dragon Buster II - Yami no Fuuin (Japan) (En)	mixrbv2	3
Dragon Fighter (USA)	mixrbv2	3
Dragon Power (USA)	mixrbv2	3
Dragon Scroll - Yomigaerishi Maryuu (Japan)	mixrbv2	3
Dragon Spirit - The New Legend (USA)	mixrbv2	3
Dragon Warrior (USA)	mixrbv2	3
Dragon Warrior II (USA)	mixrbv2	3
Dragon Warrior III (USA)	mixrbv2	3
Dragon Warrior IV (USA)	mixrbv2	3
Dragon Wars (Japan)	mixrbv2	3
Dragon's Lair (USA)	mixrbv2	3
Dreamworld Pogie (USA, Europe) (Proto)	mixrbv2	3
Dropzone (Europe)	mixrbv2	3
Druaga no Tou (Japan)	mixrbv2	3
Duck Hunt (World)	mixrbv2	3
DuckTales (USA)	mixrbv2	3
DuckTales 2 (USA)	mixrbv2	3
Dungeon Kid (Japan)	mixrbv2	3
Dungeon Magic - Sword of the Elements (USA)	mixrbv2	3
Dusty Diamond's All-Star Softball (USA)	mixrbv2	3
Dynamite Bowl (Japan) (En)	mixrbv2	3
Dynowarz - The Destruction of Spondylus (USA)	mixrbv2	3
Eggerland - Meikyuu no Fukkatsu (Japan)	mixrbv2	3
Egypt (Japan)	mixrbv2	3
Elevator Action (USA)	mixrbv2	3
Eliminator Boat Duel (USA)	mixrbv2	3
Elite (Europe) (En,Fr,De)	mixrbv2	3
Elnark no Zaihou (Japan)	mixrbv2	3
Elysion (Japan)	mixrbv2	3
Emoyan no 10 Bai Pro Yakyuu (Japan)	mixrbv2	3
Empereur, L' (USA)	mixrbv2	3
Erika to Satoru no Yume Bouken (Japan)	mixrbv2	3
Esper Bouken Tai (Japan)	mixrbv2	3
Esper Dream 2 - Aratanaru Tatakai (Japan)	mixrbv2	3
Excitebike (Japan, USA) (En)	mixrbv2	3
Exciting Boxing (Japan) (En)	mixrbv2	3
Exerion (Japan) (En)	mixrbv2	3
Exploding Fist (World) (Digital)	mixrbv2	3
F-117A Stealth Fighter (USA)	mixrbv2	3
F-15 Strike Eagle (USA)	mixrbv2	3
F1 Circus (Japan)	mixrbv2	3
F1 Race (Japan) (En)	mixrbv2	3
Fairyland Story, The (Japan) (En) (Proto)	mixrbv2	3
Famicom Doubutsu Seitai Zukan! - Katte ni Shirokuma - Mori o Sukue no Maki! (Japan)	mixrbv2	3
Famicom Igo Nyuumon (Japan)	mixrbv2	3
Famicom Jump - Eiyuu Retsuden (Japan)	mixrbv2	3
Famicom Jump II - Saikyou no 7 Nin (Japan)	mixrbv2	3
Famicom Meijin Sen (Japan)	mixrbv2	3
Famicom Shougi - Ryuuousen (Japan)	mixrbv2	3
Famicom Top Management (Japan)	mixrbv2	3
Famicom Wars (Japan)	mixrbv2	3
Famicom Yakyuu Ban (Japan)	mixrbv2	3
Family BASIC (Japan)	mixrbv2	3
Family Circuit '91 (Japan) (En)	mixrbv2	3
Family Circuit (Japan)	mixrbv2	3
Family Feud (USA)	mixrbv2	3
Family Jockey (Japan)	mixrbv2	3
Family Mahjong (Japan)	mixrbv2	3
Family Mahjong II - Shanghai e no Michi (Japan)	mixrbv2	3
Family Quiz - 4-nin wa Rival (Japan)	mixrbv2	3
Family School (Japan)	mixrbv2	3
Family Tennis (Japan)	mixrbv2	3
Family Trainer 10 - Rairai Kyonsees (Japan)	mixrbv2	3
Family Trainer 4 - Jogging Race (Japan)	mixrbv2	3
Family Trainer 5 - Meiro Daisakusen (Japan)	mixrbv2	3
Family Trainer 8 - Totsugeki! Fuuun Takeshi-jou (Japan)	mixrbv2	3
Family Trainer 9 - Fuuun Takeshi-jou 2 (Japan)	mixrbv2	3
Famista '89 - Kaimaku Ban!! (Japan)	mixrbv2	3
Famista '90 (Japan)	mixrbv2	3
Famista '91 (Japan)	mixrbv2	3
Famista '92 (Japan)	mixrbv2	3
Famista '93 (Japan)	mixrbv2	3
Famista '94 (Japan)	mixrbv2	3
Fantasy Zone (Japan) (En) (Sunsoft)	mixrbv2	3
Fantasy Zone II - Opa-Opa no Namida (Japan) (En)	mixrbv2	3
Faria - A World of Mystery & Danger! (USA)	mixrbv2	3
Faxanadu (USA)	mixrbv2	3
Felix the Cat (World) (En)	mixrbv2	3
Ferrari Grand Prix Challenge (USA)	mixrbv2	3
Fester's Quest (USA)	mixrbv2	3
Field Combat (Japan) (En)	mixrbv2	3
Fighting Road (Japan)	mixrbv2	3
Final Fantasy (USA)	mixrbv2	3
Final Fantasy I, II (Japan)	mixrbv2	3
Final Fantasy II (Japan)	mixrbv2	3
Final Fantasy III (Japan)	mixrbv2	3
Final Lap (Japan) (En)	mixrbv2	3
Fire 'n Ice (USA)	mixrbv2	3
Fire Emblem - Ankoku Ryuu to Hikari no Tsurugi (Japan)	mixrbv2	3
Fire Emblem Gaiden (Japan)	mixrbv2	3
Firework Thrower Kantaro's 53 Stations of the Toukaido (World)	mixrbv2	3
Fisher-Price - Firehouse Rescue (USA)	mixrbv2	3
Fisher-Price - I Can Remember (USA)	mixrbv2	3
Fisher-Price - Perfect Fit (USA)	mixrbv2	3
Fist of the North Star (USA)	mixrbv2	3
Flappy (Japan) (En)	mixrbv2	3
Fleet Commander (Japan)	mixrbv2	3
Flight of the Intruder (USA)	mixrbv2	3
Flintstones, The - The Rescue of Dino & Hoppy (USA)	mixrbv2	3
Flintstones, The - The Surprise at Dinosaur Peak! (USA)	mixrbv2	3
Flipull - An Exciting Cube Game (Japan) (En)	mixrbv2	3
Flying Dragon - The Secret Scroll (USA)	mixrbv2	3
Flying Hero (Japan) (En)	mixrbv2	3
Flying Warriors (USA)	mixrbv2	3
Formation Z (Japan) (En)	mixrbv2	3
Formula 1 Sensation (Europe)	mixrbv2	3
Formula One - Built to Win (USA)	mixrbv2	3
Fox's Peter Pan & the Pirates - The Revenge of Captain Hook (USA)	mixrbv2	3
Frankenstein - The Monster Returns (USA)	mixrbv2	3
Free Fall (USA) (Proto 2)	mixrbv2	3
Freedom Force (USA)	mixrbv2	3
Friday the 13th (USA)	mixrbv2	3
Front Line (Japan) (En)	mixrbv2	3
Fun House (USA)	mixrbv2	3
Fushigi no Umi no Nadia (Japan)	mixrbv2	3
Future Wars - Mirai Senshi Lios (Japan)	mixrbv2	3
Fuzzical Fighter (Japan)	mixrbv2	3
G.I. Joe - A Real American Hero (USA)	mixrbv2	3
G.I. Joe - The Atlantis Factor (USA)	mixrbv2	3
Galaga - Demons of Death (USA)	mixrbv2	3
Galaxian (Japan) (En)	mixrbv2	3
Galaxy 5000 - Racing in the 51st Century (USA)	mixrbv2	3
Gambler Jiko Chuushinha (Japan)	mixrbv2	3
Gambler Jiko Chuushinha 2 (Japan)	mixrbv2	3
Game Designer Yousei Soft - Dezaemon (Japan)	mixrbv2	3
Game Party (Japan)	mixrbv2	3
Ganbare Goemon 2 (Japan)	mixrbv2	3
Ganbare Goemon Gaiden - Kieta Ougon Kiseru (Japan)	mixrbv2	3
Ganbare Goemon Gaiden 2 - Tenka no Zaihou (Japan)	mixrbv2	3
Ganbare Goemon! - Karakuri Douchuu (Japan)	mixrbv2	3
Ganbare Pennant Race! (Japan)	mixrbv2	3
Ganso Saiyuuki - Super Monkey Daibouken (Japan)	mixrbv2	3
Garfield no Isshukan (Japan) (En)	mixrbv2	3
Gargoyle's Quest II (USA)	mixrbv2	3
Garry Kitchen's Battletank (USA)	mixrbv2	3
Gauntlet (USA)	mixrbv2	3
Gauntlet II (USA)	mixrbv2	3
Gegege no Kitarou 2 - Youkai Gundan no Chousen (Japan)	mixrbv2	3
Geimos (Japan) (En)	mixrbv2	3
Gekitotsu Yonku Battle (Japan) (En)	mixrbv2	3
Gemfire (USA)	mixrbv2	3
Genghis Khan (USA)	mixrbv2	3
Genpei Touma Den - Computer Boardgame (Japan)	mixrbv2	3
George Foreman's KO Boxing (USA)	mixrbv2	3
Getsu Fuuma Den (Japan)	mixrbv2	3
Ghost Lion (USA)	mixrbv2	3
Ghostbusters (USA)	mixrbv2	3
Ghostbusters II (USA)	mixrbv2	3
Ghosts'n Goblins (USA)	mixrbv2	3
Ghoul School (USA)	mixrbv2	3
Gimmi a Break - Shijou Saikyou no Quiz Ou Ketteisen (Japan)	mixrbv2	3
Gimmi a Break - Shijou Saikyou no Quiz Ou Ketteisen 2 (Japan)	mixrbv2	3
Ginga Eiyuu Densetsu (Japan)	mixrbv2	3
Ginga no Sannin (Japan)	mixrbv2	3
Goal! (USA)	mixrbv2	3
Goal! Two (USA)	mixrbv2	3
Godzilla - Monster of Monsters! (USA)	mixrbv2	3
Godzilla 2 - War of the Monsters (USA)	mixrbv2	3
Golf '92, The (Japan)	mixrbv2	3
Golf (USA, Asia) (En)	mixrbv2	3
Golf Club - Birdy Rush (Japan)	mixrbv2	3
Golf Grand Slam (USA)	mixrbv2	3
Golfkko Open (Japan)	mixrbv2	3
Golgo 13 - Top Secret Episode (USA)	mixrbv2	3
Gomoku Narabe Renju (Japan)	mixrbv2	3
Goonies (Japan) (En)	mixrbv2	3
Goonies II, The (USA)	mixrbv2	3
Gorby no Pipeline Daisakusen (Japan) (En)	mixrbv2	3
Gorilla Man, The (Japan)	mixrbv2	3
Gotcha! - The Sport! (USA)	mixrbv2	3
Gozonji - Yaji Kita Chin Douchuu (Japan)	mixrbv2	3
Gradius (USA)	mixrbv2	3
Gradius II (Japan) (En)	mixrbv2	3
Grand Master (Japan)	mixrbv2	3
Great Battle Cyber (Japan)	mixrbv2	3
Great Deal (Japan) (En)	mixrbv2	3
Great Waldo Search, The (USA)	mixrbv2	3
Greg Norman's Golf Power (USA)	mixrbv2	3
Gremlins 2 - The New Batch (USA)	mixrbv2	3
Guardian Legend, The (USA)	mixrbv2	3
Guerrilla War (USA)	mixrbv2	3
Gumshoe (USA, Europe)	mixrbv2	3
Gun Nac (USA)	mixrbv2	3
Gun.Smoke (USA)	mixrbv2	3
Gunhed - Aratanaru Tatakai (Japan)	mixrbv2	3
Gyrodine (Japan) (En)	mixrbv2	3
Gyromite (World)	mixrbv2	3
Gyruss (USA)	mixrbv2	3
Haja no Fuuin (Japan)	mixrbv2	3
Hammerin' Harry (Europe)	mixrbv2	3
Hammerin' Harry 2 - Dan the Red Strikes Back (USA) (Retro-Bit)	mixrbv2	3
Hana no Star Kaidou (Japan) (En)	mixrbv2	3
Hanjuku Hero (Japan)	mixrbv2	3
Happily Ever After starring Snow White (USA) (Proto)	mixrbv2	3
Harlem Globetrotters (USA)	mixrbv2	3
Hatris (USA)	mixrbv2	3
Hayauchi Super Igo (Japan)	mixrbv2	3
Heavy Barrel (USA)	mixrbv2	3
Heavy Shreddin' (USA)	mixrbv2	3
Heisei Tensai Bakabon (Japan)	mixrbv2	3
Hello Kitty World (Japan)	mixrbv2	3
Hello Kitty no Ohanabatake (Japan)	mixrbv2	3
Heracles no Eikou - Toujin Makyou Den (Japan)	mixrbv2	3
Heracles no Eikou II - Titan no Metsubou (Japan)	mixrbv2	3
HeroQuest (USA) (Proto)	mixrbv2	3
Hi no Tori - Houou Hen - Gaou no Bouken (Japan)	mixrbv2	3
Higemaru - Makai-jima - Nanatsu no Shima Daibouken (Japan)	mixrbv2	3
High Speed (USA)	mixrbv2	3
Hikari no Senshi Foton - The Ultimate Game on Planet Earth (Japan)	mixrbv2	3
Hirake! Ponkikki (Japan)	mixrbv2	3
Hiryuu no Ken II - Dragon no Tsubasa (Japan)	mixrbv2	3
Hiryuu no Ken III - 5 Nin no Dragon (Japan)	mixrbv2	3
Hiryuu no Ken Special - Fighting Wars (Japan)	mixrbv2	3
Hissatsu Doujou Yaburi (Japan)	mixrbv2	3
Hissatsu Shigoto Nin (Japan)	mixrbv2	3
Hit the Ice (USA) (Proto 2)	mixrbv2	3
Hogan's Alley (World)	mixrbv2	3
Hokkaidou Rensa Satsujin - Okhotsk ni Kiyu (Japan)	mixrbv2	3
Hokuto no Ken (Japan)	mixrbv2	3
Hokuto no Ken 3 - Shin Seiki Souzou Seiken Retsuden (Japan)	mixrbv2	3
Hokuto no Ken 4 - Shichisei Haken Den - Hokuto Shinken no Kanata e (Japan)	mixrbv2	3
Hollywood Squares (USA)	mixrbv2	3
Holy Diver (Japan) (En)	mixrbv2	3
Home Alone (USA)	mixrbv2	3
Home Alone 2 - Lost in New York (USA)	mixrbv2	3
Honoo no Toukyuuji - Dodge Danpei (Japan)	mixrbv2	3
Honoo no Toukyuuji - Dodge Danpei 2 (Japan)	mixrbv2	3
Honshougi - Naitou 9 Dan Shougi Hiden (Japan)	mixrbv2	3
Hook (USA)	mixrbv2	3
Hoops (USA)	mixrbv2	3
Hoppin' Mad (USA) (Proto)	mixrbv2	3
Hoshi o Miru Hito (Japan)	mixrbv2	3
Hototogisu (Japan)	mixrbv2	3
Hottarman no Chitei Tanken (Japan)	mixrbv2	3
Hudson Hawk (USA)	mixrbv2	3
Hunt for Red October, The (USA)	mixrbv2	3
Hyakkiyagyou (Japan)	mixrbv2	3
Hyaku no Sekai no Monogatari - The Tales on a Watery Wilderness (Japan)	mixrbv2	3
Hydlide (USA)	mixrbv2	3
Hydlide 3 - Yami kara no Houmonsha (Japan)	mixrbv2	3
Hyokkori Hyoutan-jima - Nazo no Kaizokusen (Japan)	mixrbv2	3
Hyper Sports (Japan) (En)	mixrbv2	3
I Love Softball (Japan)	mixrbv2	3
Ice Climber (USA, Europe, Asia) (En)	mixrbv2	3
Ice Hockey (USA)	mixrbv2	3
Ide Yousuke Meijin no Jissen Mahjong (Japan)	mixrbv2	3
Ide Yousuke Meijin no Jissen Mahjong II (Japan)	mixrbv2	3
Idol Hakkenden (Japan)	mixrbv2	3
Igo - Kyuu Roban Taikyoku (Japan)	mixrbv2	3
Igo Meikan (Japan)	mixrbv2	3
Igo Shinan '91 (Japan)	mixrbv2	3
Igo Shinan '92 (Japan)	mixrbv2	3
Igo Shinan '93 (Japan)	mixrbv2	3
Igo Shinan '94 (Japan)	mixrbv2	3
Igo Shinan (Japan)	mixrbv2	3
Ikari III - The Rescue (USA)	mixrbv2	3
Ikari Warriors (USA)	mixrbv2	3
Ikari Warriors II - Victory Road (USA)	mixrbv2	3
Ike Ike! Nekketsu Hockey-bu - Subette Koronde Dairantou (Japan)	mixrbv2	3
Ikinari Musician (Japan) (En)	mixrbv2	3
Ikki (Japan) (En)	mixrbv2	3
ImageFight (USA)	mixrbv2	3
Immortal, The (World) (QUByte Classics)	mixrbv2	3
Incredible Crash Dummies, The (USA)	mixrbv2	3
Indiana Jones and the Last Crusade (USA)	mixrbv2	3
Indiana Jones and the Last Crusade - The Action Game (USA)	mixrbv2	3
Indiana Jones and the Temple of Doom (USA)	mixrbv2	3
Indora no Hikari (Japan)	mixrbv2	3
Infiltrator (USA)	mixrbv2	3
Insector X (Japan)	mixrbv2	3
International Cricket (Australia)	mixrbv2	3
Iron Tank - The Invasion of Normandy (USA)	mixrbv2	3
IronSword - Wizards & Warriors II (USA)	mixrbv2	3
Isaki Shuugorou no Keiba Hisshou Gaku (Japan)	mixrbv2	3
Ishin no Arashi (Japan)	mixrbv2	3
Isolated Warrior (USA)	mixrbv2	3
Itadaki Street - Watashi no Omise ni Yottette (Japan)	mixrbv2	3
Ivan 'Ironman' Stewart's Super Off Road (USA)	mixrbv2	3
J.League Fighting Soccer - The King of Ace Strikers (Japan)	mixrbv2	3
J.League Super Top Players (Japan) (Datach)	mixrbv2	3
J.League Winning Goal (Japan)	mixrbv2	3
JJ (Japan) (En) (Famicom 3D System)	mixrbv2	3
Jack Nicklaus' Greatest 18 Holes of Major Championship Golf (USA)	mixrbv2	3
Jackal (World) (Konami Collector's Series)	mixrbv2	3
Jackie Chan's Action Kung Fu (USA)	mixrbv2	3
Jajamaru Gekimaden - Maboroshi no Kinmajou (Japan)	mixrbv2	3
Jajamaru Ninpou Chou (Japan)	mixrbv2	3
James Bond Jr (USA)	mixrbv2	3
Jangou (Japan)	mixrbv2	3
Jarinko Chie - Bakudan Musume no Shiawase Sagashi (Japan)	mixrbv2	3
Jaws - Retro Edition (World)	mixrbv2	3
Jeopardy! (USA)	mixrbv2	3
Jeopardy! 25th Anniversary Edition (USA)	mixrbv2	3
Jeopardy! Junior Edition (USA)	mixrbv2	3
Jesus - Kyoufu no Bio Monster (Japan)	mixrbv2	3
Jetsons, The - Cogswell's Caper (USA)	mixrbv2	3
Jikuu Yuuden - Debias (Japan)	mixrbv2	3
Jimmy Connors Tennis (USA)	mixrbv2	3
Joe & Mac (USA)	mixrbv2	3
John Elway's Quarterback (USA)	mixrbv2	3
Jongbou (Japan)	mixrbv2	3
Jordan vs Bird - One on One (USA)	mixrbv2	3
Journey to Silius (USA)	mixrbv2	3
Joust (USA)	mixrbv2	3
Joy Mech Fight (Japan)	mixrbv2	3
Jumbo Ozaki no Hole in One Professional (Japan)	mixrbv2	3
Jumpin' Kid - Jack to Mame no Ki Monogatari (Japan) (En)	mixrbv2	3
Jungle Book, The (World) (Disney Classic Games)	mixrbv2	3
Jurassic Park (World) (Limited Run Games)	mixrbv2	3
Just Breed (Japan)	mixrbv2	3
Juuouki (Japan) (En)	mixrbv2	3
Juvei Quest (Japan)	mixrbv2	3
Kabuki - Quantum Fighter (USA)	mixrbv2	3
Kabushiki Doujou (Japan)	mixrbv2	3
Kaettekita! Gunjin Shougi - Nanya Sore! (Japan)	mixrbv2	3
Kagerou Densetsu (Japan)	mixrbv2	3
Kaguya Hime Densetsu (Japan)	mixrbv2	3
Kaijuu Monogatari (Japan)	mixrbv2	3
Kaiketsu Yanchamaru 2 - Karakuri Land (Japan)	mixrbv2	3
Kaiketsu Yanchamaru 3 - Taiketsu! Zouringen (Japan)	mixrbv2	3
Kamen Rider Club (Japan)	mixrbv2	3
Kamen Rider SD - Granshocker no Yabou (Japan)	mixrbv2	3
Kamen no Ninja - Akakage (Japan)	mixrbv2	3
Karakuri Kengou Den Musashi Lord - Karakuribito Hashiru (Japan)	mixrbv2	3
Karaoke Studio (Japan)	mixrbv2	3
Karaoke Studio Senyou Cassette - Top Hit 20 Vol. 1 (Japan)	mixrbv2	3
Karaoke Studio Senyou Cassette - Top Hit 20 Vol. 2 (Japan)	mixrbv2	3
Karate Champ (USA)	mixrbv2	3
Karate Kid, The (USA)	mixrbv2	3
Karateka (Japan) (En)	mixrbv2	3
Karnov (USA)	mixrbv2	3
Kawa no Nushi Tsuri (Japan)	mixrbv2	3
Keiba Simulation - Honmei (Japan)	mixrbv2	3
Kekkyoku Nankyoku Daibouken (Japan)	mixrbv2	3
Kero Kero Keroppi no Daibouken (Japan)	mixrbv2	3
Kero Kero Keroppi no Daibouken 2 - Donuts Ike wa Oosawagi!! (Japan)	mixrbv2	3
Keroppi to Keroriinu no Splash Bomb! (Japan)	mixrbv2	3
Ki no Bouken - The Quest of Ki (Japan)	mixrbv2	3
Kick Off (Europe) (En,Fr,De,It,Nl)	mixrbv2	3
KickMaster (USA)	mixrbv2	3
Kickle Cubicle (USA)	mixrbv2	3
Kid Icarus (USA, Europe)	mixrbv2	3
Kid Klown in Night Mayor World (USA)	mixrbv2	3
Kid Kool and the Quest for the Seven Wonder Herbs (USA)	mixrbv2	3
Kid Niki - Radical Ninja (USA)	mixrbv2	3
Kidou Senshi Z Gundam - Hot Scramble (Japan)	mixrbv2	3
King Kong 2 - Ikari no Megaton Punch (Japan)	mixrbv2	3
King of Kings (Japan)	mixrbv2	3
King's Knight (USA)	mixrbv2	3
King's Quest V (USA)	mixrbv2	3
Kings of the Beach - Professional Beach Volleyball (USA)	mixrbv2	3
Kirby's Adventure (USA)	mixrbv2	3
Kiteretsu Daihyakka (Japan)	mixrbv2	3
Kiwi Kraze - A Bird-Brained Adventure! (USA)	mixrbv2	3
KlashBall (USA)	mixrbv2	3
Klax (Japan)	mixrbv2	3
Knight Rider (USA)	mixrbv2	3
Konami Hyper Soccer (Europe)	mixrbv2	3
Konami Wai Wai World (Japan)	mixrbv2	3
Kouryuu Densetsu Villgust Gaiden (Japan)	mixrbv2	3
Koushien (Japan)	mixrbv2	3
Krion Conquest, The (USA)	mixrbv2	3
Krusty's Fun House (USA)	mixrbv2	3
Kujaku Ou (Japan)	mixrbv2	3
Kujaku Ou II (Japan)	mixrbv2	3
Kung Fu (Japan, USA) (En)	mixrbv2	3
Kung-Fu Heroes (USA)	mixrbv2	3
Kunio-kun no Nekketsu Soccer League (Japan)	mixrbv2	3
Kurogane Hiroshi no Yosou Daisuki! - Kachiuma Densetsu (Japan)	mixrbv2	3
Kyonshiizu 2 (Japan)	mixrbv2	3
Kyoto Hana no Misshitsu Satsujin Jiken (Japan)	mixrbv2	3
Kyoto Ryuu no Tera Satsujin Jiken (Japan)	mixrbv2	3
Kyouryuu Sentai Zyuranger (Japan)	mixrbv2	3
Kyuukyoku Harikiri Koushien (Japan)	mixrbv2	3
Kyuukyoku Harikiri Stadium - '88 Senshu Shin Data Version (Japan)	mixrbv2	3
Kyuukyoku Harikiri Stadium - Heisei Gannen Ban (Japan)	mixrbv2	3
Kyuukyoku Harikiri Stadium III (Japan)	mixrbv2	3
Labyrinth (Japan)	mixrbv2	3
Lagrange Point (Japan)	mixrbv2	3
Lasalle Ishii no Child's Quest (Japan)	mixrbv2	3
Laser Invasion (USA)	mixrbv2	3
Last Action Hero (USA)	mixrbv2	3
Last Armageddon (Japan)	mixrbv2	3
Last Ninja, The (USA)	mixrbv2	3
Last Starfighter, The (USA)	mixrbv2	3
Law of the West (Japan)	mixrbv2	3
Layla (Japan)	mixrbv2	3
Lee Trevino's Fighting Golf (USA)	mixrbv2	3
Legacy of the Wizard (USA)	mixrbv2	3
Legend of Kage, The (USA)	mixrbv2	3
Legend of Robin Hood, The (USA) (Proto 2)	mixrbv2	3
Legend of Zelda, The (USA)	mixrbv2	3
Legendary Wings (USA)	mixrbv2	3
Legends of the Diamond - The Baseball Championship Game (USA)	mixrbv2	3
Lemmings (USA)	mixrbv2	3
Lethal Weapon (USA)	mixrbv2	3
Life Force (USA)	mixrbv2	3
Lion King, The (Europe)	mixrbv2	3
Little Lancelot (USA) (Piko Interactive)	mixrbv2	3
Little League Baseball - Championship Series (USA)	mixrbv2	3
Little Magic (Japan)	mixrbv2	3
Little Mermaid, The (USA)	mixrbv2	3
Little Nemo - The Dream Master (USA)	mixrbv2	3
Little Ninja Brothers (USA)	mixrbv2	3
Little Samson (USA)	mixrbv2	3
Lode Runner (USA)	mixrbv2	3
Lone Ranger, The (USA)	mixrbv2	3
Loopz (USA)	mixrbv2	3
Lost Word of Jenny - Ushinawareta Message (Japan)	mixrbv2	3
Lot Lot (Japan)	mixrbv2	3
Low G Man - The Low Gravity Man (USA)	mixrbv2	3
Lunar Pool (USA)	mixrbv2	3
Lupin Sansei - Pandora no Isan (Japan)	mixrbv2	3
M.C. Kids (USA)	mixrbv2	3
M.U.L.E. (USA)	mixrbv2	3
M.U.S.C.L.E. - Tag Team Match (USA)	mixrbv2	3
Mach Rider (Japan, USA) (En)	mixrbv2	3
Mad Max (USA)	mixrbv2	3
Mafat Conspiracy, The (USA)	mixrbv2	3
Magic Candle, The (Japan)	mixrbv2	3
Magic Darts (USA)	mixrbv2	3
Magic Johnson's Fast Break (USA)	mixrbv2	3
Magic of Scheherazade, The (USA)	mixrbv2	3
Magical Taruruuto-kun - Fantastic World!! (Japan)	mixrbv2	3
Magical Taruruuto-kun 2 - Mahou Daibouken (Japan)	mixrbv2	3
Magician (USA)	mixrbv2	3
Magmax (USA)	mixrbv2	3
Magnum Kikiippatsu - Empire City - 1931 (Japan)	mixrbv2	3
Maharaja (Japan)	mixrbv2	3
Mahjong (Japan)	mixrbv2	3
Mahjong Club Nagatachou - Sousaisen (Japan)	mixrbv2	3
Mahjong RPG Dora Dora Dora (Japan)	mixrbv2	3
Mahjong Taikai (Japan)	mixrbv2	3
Mahjong Taisen (Japan)	mixrbv2	3
Mahou no Princess Minky Momo - Remember Dream (Japan)	mixrbv2	3
Maison Ikkoku (Japan)	mixrbv2	3
Majaventure - Mahjong Senki (Japan)	mixrbv2	3
Major League (Japan)	mixrbv2	3
Major League Baseball (USA)	mixrbv2	3
Majou Densetsu II - Daimashikyou Galious (Japan)	mixrbv2	3
Maniac Mansion (Japan)	mixrbv2	3
Maniac Mansion (USA)	mixrbv2	3
Mappy (Japan) (En)	mixrbv2	3
Mappy Kids (Japan)	mixrbv2	3
Mappy-Land (USA)	mixrbv2	3
Marble Madness (USA)	mixrbv2	3
Mario Bros. (World)	mixrbv2	3
Mario is Missing! (USA)	mixrbv2	3
Mario's Time Machine (USA)	mixrbv2	3
Marusa no Onna (Japan)	mixrbv2	3
Mashin Eiyuuden Wataru Gaiden (Japan)	mixrbv2	3
Masuzoe Youichi - Asa Made Famicom (Japan)	mixrbv2	3
Matsumoto Tooru no Kabushiki Hisshou Gaku (Japan)	mixrbv2	3
Mechanized Attack (USA)	mixrbv2	3
Mega Man (USA)	mixrbv2	3
Mega Man 2 (USA)	mixrbv2	3
Mega Man 3 (USA)	mixrbv2	3
Mega Man 4 (USA)	mixrbv2	3
Mega Man 5 (USA)	mixrbv2	3
Mega Man 6 (USA)	mixrbv2	3
Meiji Ishin (Japan)	mixrbv2	3
Meikyuu no Tatsujin - Daimeiro (Japan)	mixrbv2	3
Meimon! Daisan Yakyuubu (Japan)	mixrbv2	3
Meimon! Takonishi Ouendan - Kouha 6 Nin Shuu (Japan)	mixrbv2	3
Meitantei Holmes - Kiri no London Satsujin Jiken (Japan)	mixrbv2	3
Meitantei Holmes - M kara no Chousenjou (Japan)	mixrbv2	3
Mendel Palace (USA)	mixrbv2	3
Metal Gear (USA)	mixrbv2	3
Metal Max (Japan)	mixrbv2	3
Metal Slader Glory (Japan)	mixrbv2	3
Metal Storm (World) (Retro-Bit)	mixrbv2	3
MetalMech - Man & Machine (USA)	mixrbv2	3
Metro-Cross (Japan)	mixrbv2	3
Metroid (USA)	mixrbv2	3
Mezase Pachi Pro - Pachio-kun (Japan)	mixrbv2	3
Mezase! Top Pro - Green ni Kakeru Yume (Japan)	mixrbv2	3
Michael Andretti's World GP (USA)	mixrbv2	3
Mick & Mack as the Global Gladiators (USA) (Proto 5)	mixrbv2	3
Mickey Mousecapade (USA)	mixrbv2	3
Mickey's Adventure in Numberland (USA)	mixrbv2	3
Mickey's Safari in Letterland (USA)	mixrbv2	3
Might & Magic - Secret of the Inner Sanctum (USA)	mixrbv2	3
Mighty Bomb Jack (USA)	mixrbv2	3
Mighty Final Fight (USA)	mixrbv2	3
Millipede (Japan) (En) (Proto)	mixrbv2	3
Millipede (USA)	mixrbv2	3
Milon's Secret Castle (USA)	mixrbv2	3
Mindseeker (Japan)	mixrbv2	3
Minelvaton Saga - Ragon no Fukkatsu (Japan)	mixrbv2	3
Mini-Putt (Japan)	mixrbv2	3
Minna no Taabou no Nakayoshi Daisakusen (Japan)	mixrbv2	3
Miracle Piano Teaching System, The (USA)	mixrbv2	3
Miracle Ropit's - 2100 Nen no Daibouken (Japan)	mixrbv2	3
Mirai Shinwa Jarvas (Japan)	mixrbv2	3
Mission - Impossible (USA)	mixrbv2	3
Mississippi Satsujin Jiken (Japan)	mixrbv2	3
Mito Koumon - Sekai Manyuu Ki (Japan)	mixrbv2	3
Mitsume ga Tooru (Japan)	mixrbv2	3
Mizushima Shinji no Daikoushien (Japan)	mixrbv2	3
Moai-kun (Japan)	mixrbv2	3
Moero!! Juudou Warriors (Japan)	mixrbv2	3
Momotarou Densetsu (Japan)	mixrbv2	3
Momotarou Densetsu Gaiden (Japan)	mixrbv2	3
Momotarou Dentetsu (Japan)	mixrbv2	3
Money Game, The (Japan)	mixrbv2	3
Monopoly (USA)	mixrbv2	3
Monster Maker - 7 Tsu no Hihou (Japan)	mixrbv2	3
Monster Party (USA)	mixrbv2	3
Monster Truck Rally (USA)	mixrbv2	3
Monster in My Pocket (USA)	mixrbv2	3
Moon Crystal (Japan)	mixrbv2	3
Morita Shougi (Japan)	mixrbv2	3
Mother (Japan)	mixrbv2	3
Motocross Champion (Japan)	mixrbv2	3
Motor City Patrol (USA)	mixrbv2	3
Mottomo Abunai Deka (Japan)	mixrbv2	3
Moulin Rouge Senki - Melville no Honoo (Japan)	mixrbv2	3
Mouryou Senki Madara (Japan)	mixrbv2	3
Mr. Gimmick (Europe)	mixrbv2	3
Ms. Pac-Man (USA) (Namco)	mixrbv2	3
Mugen Senshi Valis (Japan)	mixrbv2	3
Muppet Adventure - Chaos at the Carnival (USA)	mixrbv2	3
Murder Club - Honkaku Mystery Adventure (Japan)	mixrbv2	3
Musashi no Bouken (Japan)	mixrbv2	3
Musashi no Ken - Tadaima Shugyou Chuu (Japan)	mixrbv2	3
Mutant Virus, The - Crisis in a Computer World (USA)	mixrbv2	3
My Life My Love - Boku no Yume - Watashi no Negai (Japan)	mixrbv2	3
Mystery Quest (USA)	mixrbv2	3
NARC (USA)	mixrbv2	3
NES Open Tournament Golf (USA)	mixrbv2	3
NES Play Action Football (USA)	mixrbv2	3
NFL (USA)	mixrbv2	3
NHK Gakuen - Space School - Sansu 6 Nen (Ge) (Japan)	mixrbv2	3
Nagagutsu o Haita Neko - Sekai Isshuu 80 Nichi Daibouken (Japan)	mixrbv2	3
Nakajima Satoru Kanshuu - F-1 Hero 2 (Japan)	mixrbv2	3
Nakayoshi to Issho (Japan)	mixrbv2	3
Namco Classic (Japan)	mixrbv2	3
Namco Classic II (Japan)	mixrbv2	3
Namco Prism Zone - Dream Master (Japan)	mixrbv2	3
Namcot Mahjong III - Mahjong Tengoku (Japan)	mixrbv2	3
Nangoku Shirei!! - Spy vs Spy (Japan)	mixrbv2	3
Nantettatte!! Baseball (Japan)	mixrbv2	3
Nantettatte!! Baseball + Nantettatte!! Baseball - Ko-Game Cassette - OB All Star Hen (Japan)	mixrbv2	3
Napoleon Senki (Japan)	mixrbv2	3
Navy Blue (Japan)	mixrbv2	3
Nekketsu Kakutou Densetsu (Japan)	mixrbv2	3
Nekketsu! Street Basket - Ganbare Dunk Heroes (Japan)	mixrbv2	3
New Ghostbusters II (Europe)	mixrbv2	3
Nichibutsu Mahjong III - Mahjong G Men (Japan)	mixrbv2	3
Nigel Mansell's World Championship Racing (USA)	mixrbv2	3
Nightmare on Elm Street, A (USA)	mixrbv2	3
Nightshade (World) (Digital)	mixrbv2	3
Nihonichi no Mei Kantoku (Japan)	mixrbv2	3
Niji no Silk Road (Japan)	mixrbv2	3
Ninja Crusaders (USA)	mixrbv2	3
Ninja Gaiden (USA)	mixrbv2	3
Ninja Gaiden II - The Dark Sword of Chaos (USA)	mixrbv2	3
Ninja Gaiden III - The Ancient Ship of Doom (USA)	mixrbv2	3
Ninja Hattori-kun - Ninja wa Syugyou de Gozaru no Maki (Japan)	mixrbv2	3
Ninja JaJaMaru's Big Adventure (USA) (Retro-Bit Generations)	mixrbv2	3
Ninja Jajamaru - Ginga Daisakusen (Japan)	mixrbv2	3
Ninja Jajamaru-kun (Japan)	mixrbv2	3
Ninja Kid (USA)	mixrbv2	3
Ninja-kun - Ashura no Shou (Japan)	mixrbv2	3
Ninja-kun - Majou no Bouken (Japan)	mixrbv2	3
Ninjara Hoi! (Japan)	mixrbv2	3
Nintendo World Championships 1990 (USA) (Competition Cart)	mixrbv2	3
Nintendo World Cup (USA)	mixrbv2	3
Nishimura Kyoutarou Mystery - Blue Train Satsujin Jiken (Japan)	mixrbv2	3
Nishimura Kyoutarou Mystery - Super Express Satsujin Jiken (Japan)	mixrbv2	3
Noah's Ark (Europe)	mixrbv2	3
Nobunaga no Yabou - Bushou Fuuun Roku (Japan)	mixrbv2	3
Nobunaga's Ambition (USA)	mixrbv2	3
Nobunaga's Ambition II (USA)	mixrbv2	3
North and South (USA)	mixrbv2	3
Nuts & Milk (Japan) (En)	mixrbv2	3
Obocchama-kun (Japan)	mixrbv2	3
Oeka Kids - Anpanman to Oekaki Shiyou!! (Japan)	mixrbv2	3
Oishinbo - Kyuukyoku no Menu Sanbon Shoubu (Japan)	mixrbv2	3
Okkotoshi Puzzle - Tonjan! (Japan)	mixrbv2	3
Onyanko Town (Japan)	mixrbv2	3
Operation Wolf (USA)	mixrbv2	3
Orb-3D (USA)	mixrbv2	3
Osomatsu-kun - Back to the Me no Deppa no Maki (Japan)	mixrbv2	3
Otaku no Seiza - An Adventure in the Otaku Galaxy (Japan)	mixrbv2	3
Othello (USA) (HAL Laboratory)	mixrbv2	3
Outlanders (Japan)	mixrbv2	3
Over Horizon (Europe)	mixrbv2	3
Overlord (USA)	mixrbv2	3
P.O.W. - Prisoners of War (USA)	mixrbv2	3
Pac-Land (Japan)	mixrbv2	3
Pac-Man (USA) (Namco)	mixrbv2	3
Pac-Man - Championship Edition (USA, Europe) (Namco Museum Archives Vol 1)	mixrbv2	3
Pachi-Slot Adventure 2 - Sorotta-kun no Pachi-Slot Tanteidan (Japan)	mixrbv2	3
Pachi-Slot Adventure 3 - Bitaoshii 7 Kenzan! (Japan)	mixrbv2	3
Pachicom (Japan)	mixrbv2	3
Pachinko Daisakusen (Japan)	mixrbv2	3
Pachinko Daisakusen 2 (Japan)	mixrbv2	3
Pachio-kun 2 (Japan)	mixrbv2	3
Pachio-kun 3 (Japan)	mixrbv2	3
Pachio-kun 4 (Japan)	mixrbv2	3
Pachio-kun 5 (Japan)	mixrbv2	3
Palamedes (USA)	mixrbv2	3
Palamedes II - Star Twinkle, Hoshi no Mabataki (Japan)	mixrbv2	3
Panic Restaurant (USA)	mixrbv2	3
Paperboy (USA)	mixrbv2	3
Paperboy 2 (USA)	mixrbv2	3
Parallel World (Japan)	mixrbv2	3
Parasol Henbee (Japan)	mixrbv2	3
Parasol Stars - Rainbow Islands II (Europe)	mixrbv2	3
Paris-Dakar Rally Special (Japan)	mixrbv2	3
Parodius (Europe)	mixrbv2	3
Peepar Time (Japan)	mixrbv2	3
Penguin-kun Wars (Japan)	mixrbv2	3
Pennant League!! - Home Run Nighter (Japan)	mixrbv2	3
Pennant League, The - Home Run Nighter '90 (Japan)	mixrbv2	3
Perfect Bowling (Japan)	mixrbv2	3
Perman (Japan)	mixrbv2	3
Perman Part 2 - Himitsu Kessha Madoodan o Taose! (Japan)	mixrbv2	3
Pescatore (Japan) (Proto)	mixrbv2	3
Phantom Fighter (USA)	mixrbv2	3
Pictionary - The Game of Video Quick Draw (USA)	mixrbv2	3
Pin Bot (USA)	mixrbv2	3
Pinball (Japan, USA) (En)	mixrbv2	3
Pinball Quest (USA)	mixrbv2	3
Pipe Dream (USA)	mixrbv2	3
Pirates! (USA)	mixrbv2	3
Pizza Pop! (USA, Europe) (Broke Studio)	mixrbv2	3
Plasma Ball (Japan)	mixrbv2	3
Platoon (USA)	mixrbv2	3
Pocket Zaurus - Juu Ouken no Nazo (Japan)	mixrbv2	3
Pooyan (Japan) (En)	mixrbv2	3
Popeye (Japan)	mixrbv2	3
Popeye no Eigo Asobi (Japan)	mixrbv2	3
Portopia Renzoku Satsujin Jiken (Japan)	mixrbv2	3
Power Blade (USA)	mixrbv2	3
Power Blade 2 (USA)	mixrbv2	3
Power Blazer (Japan)	mixrbv2	3
Power Punch II (USA)	mixrbv2	3
Power Soccer (Japan)	mixrbv2	3
Predator (USA)	mixrbv2	3
President no Sentaku (Japan)	mixrbv2	3
Prince of Persia (USA)	mixrbv2	3
Princess Tomato in the Salad Kingdom (USA)	mixrbv2	3
Pro Sport Hockey (USA)	mixrbv2	3
Pro Wrestling (USA)	mixrbv2	3
Pro Yakyuu - Family Stadium '87 (Japan)	mixrbv2	3
Pro Yakyuu - Family Stadium '88 (Japan)	mixrbv2	3
Pro Yakyuu Satsujin Jiken! (Japan)	mixrbv2	3
Project Q (Japan)	mixrbv2	3
Punch-Out!! (USA)	mixrbv2	3
Punisher, The (USA)	mixrbv2	3
Puss 'n Boots - Pero's Great Adventure (USA)	mixrbv2	3
Puyo Puyo (Japan)	mixrbv2	3
Puzslot (Japan)	mixrbv2	3
Puzznic (USA)	mixrbv2	3
Pyokotan no Daimeiro (Japan)	mixrbv2	3
Q-bert (USA)	mixrbv2	3
QIX (USA)	mixrbv2	3
Quarter Back Scramble (Japan)	mixrbv2	3
Quarth (Japan) (En)	mixrbv2	3
R.B.I. Baseball (USA)	mixrbv2	3
R.C. Pro-Am (USA)	mixrbv2	3
R.C. Pro-Am II (USA)	mixrbv2	3
RPG Jinsei Game (Japan)	mixrbv2	3
Racer Mini Yonku - Japan Cup (Japan)	mixrbv2	3
Racket Attack (USA)	mixrbv2	3
Rackets & Rivals (Europe)	mixrbv2	3
Rad Racer (USA)	mixrbv2	3
Rad Racer II (USA)	mixrbv2	3
Radac Tailor-Made (Japan)	mixrbv2	3
Radia Senki - Reimei Hen (Japan)	mixrbv2	3
Raid on Bungeling Bay (USA)	mixrbv2	3
Rainbow Islands (USA)	mixrbv2	3
Rainbow Islands - Bubble Bobble 2 (Europe)	mixrbv2	3
Rally Bike (USA)	mixrbv2	3
Rambo (USA)	mixrbv2	3
Rampage (USA)	mixrbv2	3
Rampart (Japan) (Konami)	mixrbv2	3
Rampart (USA) (Jaleco)	mixrbv2	3
Remote Control (USA)	mixrbv2	3
Ren & Stimpy Show, The - Buckeroo$! (USA)	mixrbv2	3
Renegade (USA)	mixrbv2	3
Rescue - The Embassy Mission (USA)	mixrbv2	3
Ring King (USA)	mixrbv2	3
Ripple Island (World) (Red Art Games)	mixrbv2	3
River City Ransom (USA)	mixrbv2	3
Road Fighter (Europe)	mixrbv2	3
RoadBlasters (USA)	mixrbv2	3
Robin Hood - Prince of Thieves (USA)	mixrbv2	3
Robo Warrior (USA)	mixrbv2	3
RoboCop (USA)	mixrbv2	3
RoboCop 2 (USA)	mixrbv2	3
RoboCop 3 (USA)	mixrbv2	3
RoboCop Versus The Terminator (USA) (Proto)	mixrbv2	3
Robocco Wars (Japan)	mixrbv2	3
Rock 'n' Ball (USA)	mixrbv2	3
Rocket Ranger (USA)	mixrbv2	3
Rocketeer, The (USA)	mixrbv2	3
Rockin' Kats (USA)	mixrbv2	3
Rockman III (Taiwan) (En) (Rockman 123)	mixrbv2	3
Rod Land (World) (Retro-Bit) (256KiB)	mixrbv2	3
Roger Clemens' MVP Baseball (USA)	mixrbv2	3
Rokudenashi Blues (Japan)	mixrbv2	3
Rollerball (USA)	mixrbv2	3
Rollerblade Racer (USA)	mixrbv2	3
Rollergames (USA)	mixrbv2	3
Rolling Thunder (Japan)	mixrbv2	3
Romance of the Three Kingdoms (USA)	mixrbv2	3
Romance of the Three Kingdoms II (USA)	mixrbv2	3
Romancia (Japan)	mixrbv2	3
Roundball - 2-on-2 Challenge (USA)	mixrbv2	3
Route-16 Turbo (Japan)	mixrbv2	3
Rush'n Attack (USA)	mixrbv2	3
Rygar (USA)	mixrbv2	3
S.C.A.T. - Special Cybernetic Attack Team (USA)	mixrbv2	3
SD Battle Oozumou - Heisei Hero Basho (Japan)	mixrbv2	3
SD Gundam - Gachapon Senshi 2 - Capsule Senki (Japan)	mixrbv2	3
SD Gundam - Gachapon Senshi 3 - Eiyuu Senki (Japan)	mixrbv2	3
SD Gundam - Gachapon Senshi 4 - NewType Story (Japan)	mixrbv2	3
SD Gundam - Gachapon Senshi 5 - Battle of Universal Century (Japan)	mixrbv2	3
SD Gundam - Gundam Wars (Japan) (Datach)	mixrbv2	3
SD Gundam Gaiden - Knight Gundam Monogatari (Japan)	mixrbv2	3
SD Gundam Gaiden - Knight Gundam Monogatari 2 - Hikari no Knight (Japan)	mixrbv2	3
SD Gundam Gaiden - Knight Gundam Monogatari 3 - Densetsu no Kishi Dan (Japan)	mixrbv2	3
SD Hero Soukessen - Taose! Aku no Gundan (Japan)	mixrbv2	3
SD Keiji - Blader (Japan)	mixrbv2	3
SD Sengoku Bushou Retsuden (Japan)	mixrbv2	3
STED - Iseki Wakusei no Yabou (Japan)	mixrbv2	3
SWAT - Special Weapons and Tactics (Japan)	mixrbv2	3
Saint Seiya - Ougon Densetsu (Japan)	mixrbv2	3
Saint Seiya - Ougon Densetsu Kanketsu Hen (Japan)	mixrbv2	3
Saiyuuki World (Japan)	mixrbv2	3
Sakigake!! Otoko Juku - Shippuu Ichi Gou Sei (Japan)	mixrbv2	3
Samsara Naga (Japan)	mixrbv2	3
Sanada Juu Yuushi (Japan)	mixrbv2	3
Sangokushi - Chuugen no Hasha (Japan)	mixrbv2	3
Sangokushi II - Haou no Tairiku (Japan)	mixrbv2	3
Sanma no Meitantei (Japan)	mixrbv2	3
Sanrio Carnival (Japan)	mixrbv2	3
Sanrio Carnival 2 (Japan)	mixrbv2	3
Sanrio Cup - Pon Pon Volley (Japan)	mixrbv2	3
Sansuu 1 Nen - Keisan Game (Japan)	mixrbv2	3
Sansuu 2 Nen - Keisan Game (Japan)	mixrbv2	3
Sansuu 3 Nen - Keisan Game (Japan)	mixrbv2	3
Sansuu 4 Nen - Keisan Game (Japan)	mixrbv2	3
Sansuu 5 & 6 Nen - Keisan Game (Japan)	mixrbv2	3
Satomi Hakkenden (Japan)	mixrbv2	3
Satsui no Kaisou - Soft House Renzoku Satsujin Jiken (Japan)	mixrbv2	3
Scarabeus (USA) (Proto)	mixrbv2	3
Secret Ties (USA) (Proto)	mixrbv2	3
Section-Z (USA)	mixrbv2	3
Seicross (USA)	mixrbv2	3
Seikima II - Akuma no Gyakushuu! (Japan)	mixrbv2	3
Seirei Gari (Japan)	mixrbv2	3
Seiryaku Simulation - Inbou no Wakusei - Shancara (Japan)	mixrbv2	3
Sekiryuuou (Japan)	mixrbv2	3
Sesame Street - 123 (USA)	mixrbv2	3
Sesame Street - ABC & 123 (USA)	mixrbv2	3
Sesame Street - ABC (USA)	mixrbv2	3
Sesame Street - Big Bird's Hide & Speak (USA)	mixrbv2	3
Sesame Street - Countdown (USA)	mixrbv2	3
Shadow Brain (Japan)	mixrbv2	3
Shadow of the Ninja (USA)	mixrbv2	3
Shadowgate (USA)	mixrbv2	3
Shanghai (Japan) (En)	mixrbv2	3
Shanghai II (Japan)	mixrbv2	3
Shatterhand (USA)	mixrbv2	3
Sherlock Holmes - Hakushaku Reijou Yuukai Jiken (Japan)	mixrbv2	3
Shikinjou (Japan)	mixrbv2	3
Shin 4 Nin Uchi Mahjong - Yakuman Tengoku (Japan)	mixrbv2	3
Shin Moero!! Pro Yakyuu (Japan)	mixrbv2	3
Shin Satomi Hakken-Den - Hikari to Yami no Tatakai (Japan)	mixrbv2	3
Shingen the Ruler (USA)	mixrbv2	3
Shinsenden (Japan)	mixrbv2	3
Shogun (Japan)	mixrbv2	3
Shooting Range (USA)	mixrbv2	3
Short Order + Eggsplode! (USA)	mixrbv2	3
Shougi Meikan '92 (Japan)	mixrbv2	3
Shougi Meikan '93 (Japan)	mixrbv2	3
Shoukoushi Ceddie (Japan)	mixrbv2	3
Shounen Ashibe - Nepal Daibouken no Maki (Japan)	mixrbv2	3
Shuffle Fight (Japan)	mixrbv2	3
Shufflepuck Cafe (Japan)	mixrbv2	3
Side Pocket (USA)	mixrbv2	3
Silent Service (USA)	mixrbv2	3
Silk Worm (USA)	mixrbv2	3
Silva Saga (Japan)	mixrbv2	3
Silver Surfer (USA)	mixrbv2	3
SimCity (USA) (Proto)	mixrbv2	3
Simpsons, The - Bart vs. the Space Mutants (USA)	mixrbv2	3
Simpsons, The - Bart vs. the World (USA)	mixrbv2	3
Simpsons, The - Bartman Meets Radioactive Man (USA)	mixrbv2	3
Skate or Die (USA)	mixrbv2	3
Skate or Die 2 - The Search for Double Trouble (USA)	mixrbv2	3
Ski or Die (USA)	mixrbv2	3
Sky Destroyer (Japan)	mixrbv2	3
Sky Kid (USA)	mixrbv2	3
Sky Shark (USA)	mixrbv2	3
Slalom (USA)	mixrbv2	3
Smash T.V. (USA)	mixrbv2	3
Smurfs, The (Europe) (En,Fr,De,Es)	mixrbv2	3
Snake Rattle n Roll (USA)	mixrbv2	3
Snake's Revenge (USA)	mixrbv2	3
Snoopy's Silly Sports Spectacular! (USA)	mixrbv2	3
Snow Brothers (USA)	mixrbv2	3
Soccer (Japan, USA) (En)	mixrbv2	3
Soccer League - Winner's Cup (Japan)	mixrbv2	3
Solar Jetman - Hunt for the Golden Warpship (USA)	mixrbv2	3
Solomon's Key (USA)	mixrbv2	3
Solstice - The Quest for the Staff of Demnos (USA)	mixrbv2	3
Son Son (Japan) (En)	mixrbv2	3
Soreike! Anpanman - Minna de Hiking Game! (Japan)	mixrbv2	3
Space Harrier (Japan)	mixrbv2	3
Space Hunter (Japan)	mixrbv2	3
Space Invaders (Japan)	mixrbv2	3
Space Shadow (Japan)	mixrbv2	3
Space Shuttle Project (USA)	mixrbv2	3
Spartan X 2 (Japan)	mixrbv2	3
Spelunker (USA)	mixrbv2	3
Spelunker II - Yuusha e no Chousen (Japan)	mixrbv2	3
Spider-Man - Return of the Sinister Six (USA)	mixrbv2	3
Splatterhouse - Wanpaku Graffiti (Japan)	mixrbv2	3
Spot - The Video Game (USA)	mixrbv2	3
Spy Hunter (USA)	mixrbv2	3
Spy vs Spy (USA)	mixrbv2	3
Sqoon (USA)	mixrbv2	3
Square no Tom Sawyer (Japan)	mixrbv2	3
Stack-Up (World)	mixrbv2	3
Stadium Events (USA)	mixrbv2	3
Stanley - The Search for Dr. Livingston (USA)	mixrbv2	3
Star Force (Japan)	mixrbv2	3
Star Force (USA)	mixrbv2	3
Star Luster (World) (Star Fox - Assault)	mixrbv2	3
Star Soldier (USA)	mixrbv2	3
Star Trek - 25th Anniversary (USA)	mixrbv2	3
Star Trek - The Next Generation (USA)	mixrbv2	3
Star Trek V - The Final Frontier (USA) (Proto)	mixrbv2	3
Star Voyager (USA)	mixrbv2	3
Star Wars (Japan) (Namco)	mixrbv2	3
Star Wars (USA)	mixrbv2	3
Star Wars - The Empire Strikes Back (USA)	mixrbv2	3
StarTropics (USA)	mixrbv2	3
Starship Hector (USA)	mixrbv2	3
Stealth ATF (USA)	mixrbv2	3
Stick Hunter - Exciting Ice Hockey (Japan)	mixrbv2	3
Stinger (USA)	mixrbv2	3
Street Cop (USA)	mixrbv2	3
Street Fighter 2010 - The Final Fight (USA)	mixrbv2	3
Strider (USA)	mixrbv2	3
Sugoro Quest - Dice no Senshitachi (Japan)	mixrbv2	3
Sukeban Deka III (Japan)	mixrbv2	3
Summer Carnival '92 - Recca (Japan) (En)	mixrbv2	3
Super Arabian (Japan) (En)	mixrbv2	3
Super Black Onyx (Japan)	mixrbv2	3
Super C (World) (Konami Collector's Series)	mixrbv2	3
Super Cars (USA)	mixrbv2	3
Super Chinese 3 (Japan)	mixrbv2	3
Super Dodge Ball (USA)	mixrbv2	3
Super Dyna'mix Badminton (Japan)	mixrbv2	3
Super Glove Ball (USA)	mixrbv2	3
Super Jeopardy! (USA)	mixrbv2	3
Super Mario Bros. (World)	mixrbv2	3
Super Mario Bros. + Duck Hunt (USA)	mixrbv2	3
Super Mario Bros. + Duck Hunt + World Class Track Meet (USA)	mixrbv2	3
Super Mario Bros. + Tetris + Nintendo World Cup (Europe)	mixrbv2	3
Super Mario Bros. 2 (USA)	mixrbv2	3
Super Mario Bros. 3 (USA)	mixrbv2	3
Super Mogura Tataki!! - Pokkun Mogurar (Japan)	mixrbv2	3
Super Momotarou Dentetsu (Japan)	mixrbv2	3
Super Pinball (Japan)	mixrbv2	3
Super Pitfall (USA)	mixrbv2	3
Super Real Baseball '88 (Japan)	mixrbv2	3
Super Rugby (Japan)	mixrbv2	3
Super Spike V'Ball (USA)	mixrbv2	3
Super Spike V'Ball + Nintendo World Cup (USA)	mixrbv2	3
Super Sprint (Japan) (En)	mixrbv2	3
Super Spy Hunter (USA)	mixrbv2	3
Super Star Force (Japan)	mixrbv2	3
Super Team Games (USA)	mixrbv2	3
Super Turrican (Europe)	mixrbv2	3
Super Xevious - Gump no Nazo (Japan)	mixrbv2	3
Superman (USA) (Kemco)	mixrbv2	3
Swamp Thing (USA)	mixrbv2	3
Sweet Home (Japan)	mixrbv2	3
Sword Master (USA)	mixrbv2	3
Swords and Serpents (USA)	mixrbv2	3
TM Network - Live in Power Bowl (Japan)	mixrbv2	3
Taboo - The Sixth Sense (USA)	mixrbv2	3
Tag Team Wrestling (USA)	mixrbv2	3
Taito Chase H.Q. (Japan)	mixrbv2	3
Taito Grand Prix - Eikou e no License (Japan)	mixrbv2	3
Taiyou no Yuusha - Fighbird (Japan)	mixrbv2	3
Takahashi Meijin no Bouken-jima IV (Japan)	mixrbv2	3
Takahashi Meijin no Bugutte Honey (Japan)	mixrbv2	3
Takeda Shingen (Japan)	mixrbv2	3
Takeshi no Chousenjou (Japan)	mixrbv2	3
Takeshi no Sengoku Fuuunji (Japan)	mixrbv2	3
TaleSpin (USA)	mixrbv2	3
Tamura Koushou Mahjong Seminar (Japan)	mixrbv2	3
Tanigawa Kouji no Shougi Shinan II (Japan)	mixrbv2	3
Tanigawa Kouji no Shougi Shinan III (Japan)	mixrbv2	3
Tantei Jinguuji Saburou - Toki no Sugiyuku Mama ni (Japan)	mixrbv2	3
Tantei Jinguuji Saburou - Yokohamakou Renzoku Satsujin Jiken (Japan)	mixrbv2	3
Tao (Japan)	mixrbv2	3
Target - Renegade (USA)	mixrbv2	3
Tashiro Masashi no Princess ga Ippai (Japan)	mixrbv2	3
Tatakae! Chou Robot Seimeitai Transformers - Convoy no Nazo (Japan)	mixrbv2	3
Tatakae!! Rahmen Man - Sakuretsu Choujin 102 Gei (Japan)	mixrbv2	3
Tecmo Baseball (USA)	mixrbv2	3
Tecmo Bowl (USA)	mixrbv2	3
Tecmo Cup - Soccer Game (USA)	mixrbv2	3
Tecmo NBA Basketball (USA) (NES-BK)	mixrbv2	3
Tecmo Super Bowl (USA)	mixrbv2	3
Tecmo World Cup Soccer (Europe)	mixrbv2	3
Tecmo World Wrestling (USA)	mixrbv2	3
Teenage Mutant Ninja Turtles (USA)	mixrbv2	3
Teenage Mutant Ninja Turtles - Tournament Fighters (USA)	mixrbv2	3
Teenage Mutant Ninja Turtles II - The Arcade Game (USA)	mixrbv2	3
Teenage Mutant Ninja Turtles III - The Manhattan Project (USA)	mixrbv2	3
Tenchi o Kurau II - Shokatsu Koumei Den (Japan)	mixrbv2	3
Tenka no Goikenban - Mito Koumon (Japan)	mixrbv2	3
Tenkaichi Bushi - Keru Naguuru (Japan)	mixrbv2	3
Tennis (Japan, USA) (En)	mixrbv2	3
Terao no Dosukoi Oozumou (Japan)	mixrbv2	3
Terminator 2 - Judgment Day (USA)	mixrbv2	3
Terminator, The (USA, Europe)	mixrbv2	3
Terra Cresta (USA)	mixrbv2	3
Tetrastar - The Fighter (Japan)	mixrbv2	3
Tetris (Bulletproof) (Japan) (En)	mixrbv2	3
Tetris (USA)	mixrbv2	3
Tetris 2 (USA)	mixrbv2	3
Tetris 2 + Bombliss (Japan) (En)	mixrbv2	3
Tetsudou Ou - Famicom Boardgame (Japan)	mixrbv2	3
Tetsuwan Atom (Japan)	mixrbv2	3
Thexder (Japan) (En)	mixrbv2	3
Thomas the Tank Engine & Friends (USA) (Proto)	mixrbv2	3
Three Stooges, The (USA)	mixrbv2	3
Thunder & Lightning (USA)	mixrbv2	3
Thunderbirds (USA)	mixrbv2	3
Thunderbolt Fighting Plane (World) (QUByte Classics)	mixrbv2	3
Thundercade (USA)	mixrbv2	3
Tiger-Heli (USA)	mixrbv2	3
Time Diver - Eon Man (USA) (Proto)	mixrbv2	3
Time Lord (USA)	mixrbv2	3
Time Zone (Japan)	mixrbv2	3
Times of Lore (USA)	mixrbv2	3
Tiny Toon Adventures (USA)	mixrbv2	3
Tiny Toon Adventures - Cartoon Workshop (USA)	mixrbv2	3
Tiny Toon Adventures 2 - Trouble in Wackyland (USA)	mixrbv2	3
Titan (Japan)	mixrbv2	3
Titan Warriors (USA) (Proto 1)	mixrbv2	3
To the Earth (USA)	mixrbv2	3
Toki (USA)	mixrbv2	3
Toki no Tabibito - Time Stranger (Japan)	mixrbv2	3
Tokoro-san no Mamoru mo Semeru mo (Japan)	mixrbv2	3
Tom & Jerry - The Ultimate Game of Cat and Mouse! (USA)	mixrbv2	3
Tombs & Treasure (USA)	mixrbv2	3
Top Gun (USA)	mixrbv2	3
Top Gun - The Second Mission (USA)	mixrbv2	3
Top Rider (Japan)	mixrbv2	3
Top Striker (Japan)	mixrbv2	3
Total Recall (USA)	mixrbv2	3
Totally Rad (USA)	mixrbv2	3
Touchdown Fever (USA)	mixrbv2	3
Touhou Kenbun Roku (Japan)	mixrbv2	3
Toukon Club (Japan)	mixrbv2	3
Toukyou Pachi-Slot Adventure (Japan)	mixrbv2	3
Town & Country Surf Designs - Thrilla's Surfari (USA)	mixrbv2	3
Town & Country Surf Designs - Wood & Water Rage (USA)	mixrbv2	3
Toxic Crusaders (USA)	mixrbv2	3
Track & Field (USA)	mixrbv2	3
Track & Field II (USA)	mixrbv2	3
Treasure Master (USA)	mixrbv2	3
Triathlon, The (Japan) (En)	mixrbv2	3
Trog! (USA)	mixrbv2	3
Trojan (USA)	mixrbv2	3
Trolls in Crazyland, The (Europe)	mixrbv2	3
Tsuppari Oozumou (Japan)	mixrbv2	3
Tsuppari Wars (Japan)	mixrbv2	3
Tsuri Kichi Sanpei - Blue Marlin Hen (Japan)	mixrbv2	3
Tsuru Pika Hagemaru - Mezase! Tsuru Seko no Akashi (Japan)	mixrbv2	3
Twin Cobra (USA)	mixrbv2	3
Twin Eagle (USA)	mixrbv2	3
TwinBee (Japan) (En)	mixrbv2	3
TwinBee 3 - Poko Poko Daimaou (Japan)	mixrbv2	3
U-Force Power Games (USA) (Proto 1)	mixrbv2	3
UWC (USA) (Proto)	mixrbv2	3
Uchuu Keibitai SDF (Japan)	mixrbv2	3
Uchuusen Cosmo Carrier (Japan)	mixrbv2	3
Ufouria - The Saga (Europe)	mixrbv2	3
Ultima - Exodus (USA)	mixrbv2	3
Ultima - Quest of the Avatar (USA)	mixrbv2	3
Ultima - Warriors of Destiny (USA)	mixrbv2	3
Ultimate Air Combat (USA)	mixrbv2	3
Ultimate Basketball (USA)	mixrbv2	3
Ultraman Club - Kaijuu Daikessen!! (Japan)	mixrbv2	3
Ultraman Club - Supokon Fight! (Japan) (Datach)	mixrbv2	3
Ultraman Club 2 - Kaettekita Ultraman Club (Japan)	mixrbv2	3
Ultraman Club 3 - Matamata Shutsugeki!! Ultra Kyoudai (Japan)	mixrbv2	3
Uncanny X-Men, The (USA)	mixrbv2	3
Uncharted Waters (USA)	mixrbv2	3
Uninvited (USA)	mixrbv2	3
Untouchables, The (USA)	mixrbv2	3
Urban Champion (World)	mixrbv2	3
Urusei Yatsura - Lum no Wedding Bell (Japan)	mixrbv2	3
Ushio to Tora - Shinen no Taiyou (Japan)	mixrbv2	3
Utsurun Desu. - Kawauso Hawaii e Iku (Japan)	mixrbv2	3
Valkyrie no Bouken - Toki no Kagi Densetsu (Japan)	mixrbv2	3
Vegas Connection - Casino kara Ai o Komete (Japan)	mixrbv2	3
Vegas Dream (USA)	mixrbv2	3
Venus Senki - Back the City (Japan)	mixrbv2	3
Vice - Project Doom (USA)	mixrbv2	3
Videomation (USA)	mixrbv2	3
Volguard II (Japan) (En)	mixrbv2	3
Volleyball (USA, Europe)	mixrbv2	3
WCW World Championship Wrestling (USA)	mixrbv2	3
WWF King of the Ring (USA)	mixrbv2	3
WWF WrestleMania (USA)	mixrbv2	3
WWF WrestleMania - Challenge (USA)	mixrbv2	3
WWF WrestleMania - Steel Cage Challenge (USA)	mixrbv2	3
Wacky Races (USA)	mixrbv2	3
Wagyan Land (Japan)	mixrbv2	3
Wagyan Land 2 (Japan)	mixrbv2	3
Wagyan Land 3 (Japan)	mixrbv2	3
Wai Wai World 2 - SOS!! Parsley Jou (Japan)	mixrbv2	3
Wall Street Kid (USA)	mixrbv2	3
War on Wheels (USA) (Proto)	mixrbv2	3
Wario's Woods (USA)	mixrbv2	3
Warpman (Japan) (En)	mixrbv2	3
Wayne Gretzky Hockey (USA)	mixrbv2	3
Wayne's World (USA)	mixrbv2	3
Werewolf - The Last Warrior (USA)	mixrbv2	3
Wheel of Fortune (USA)	mixrbv2	3
Wheel of Fortune - Family Edition (USA)	mixrbv2	3
Wheel of Fortune - Junior Edition (USA)	mixrbv2	3
Wheel of Fortune Featuring Vanna White (USA)	mixrbv2	3
Where in Time Is Carmen Sandiego (USA)	mixrbv2	3
Where's Waldo (USA)	mixrbv2	3
Who Framed Roger Rabbit (USA)	mixrbv2	3
Whomp 'Em (USA)	mixrbv2	3
Widget (USA)	mixrbv2	3
Wild Gunman (Japan, USA) (En)	mixrbv2	3
Willow (USA)	mixrbv2	3
Wily & Right no Rockboard - That's Paradise (Japan)	mixrbv2	3
Win, Lose or Draw (USA)	mixrbv2	3
Wing of Madoola, The (World) (Red Art Games)	mixrbv2	3
Winter Games (USA)	mixrbv2	3
Wit's (Japan)	mixrbv2	3
Wizardry - Knight of Diamonds - The Second Scenario (USA)	mixrbv2	3
Wizardry - Proving Grounds of the Mad Overlord (USA)	mixrbv2	3
Wizardry II - Llylgamyn no Isan (Japan)	mixrbv2	3
Wizards & Warriors (USA)	mixrbv2	3
Wizards & Warriors III - Kuros...Visions of Power (USA)	mixrbv2	3
Wolverine (USA)	mixrbv2	3
Woody Poko (Japan)	mixrbv2	3
World Boxing (Japan)	mixrbv2	3
World Champ (USA)	mixrbv2	3
World Games (USA)	mixrbv2	3
Wrath of the Black Manta (USA)	mixrbv2	3
Wrecking Crew (World)	mixrbv2	3
Wurm - Journey to the Center of the Earth! (USA)	mixrbv2	3
Xenophobe (USA)	mixrbv2	3
Xevious - The Avenger (USA)	mixrbv2	3
Xexyz (USA)	mixrbv2	3
Yamamura Misa Suspense Series - Kyoto Zai-Tech Satsujin Jiken (Japan)	mixrbv2	3
Yasuda Fire & Marine - Safety Rally (Japan) (Not For Resale)	mixrbv2	3
Yie Ar Kung-Fu (Japan) (En) (Rev 1.4)	mixrbv2	3
Yo! Noid (USA)	mixrbv2	3
Yoshi (USA)	mixrbv2	3
Yoshi's Cookie (USA)	mixrbv2	3
Youkai Club (Japan)	mixrbv2	3
Youkai Douchuuki (Japan)	mixrbv2	3
Young Indiana Jones Chronicles, The (USA)	mixrbv2	3
Ys (Japan)	mixrbv2	3
Ys II - Ancient Ys Vanished - The Final Chapter (Japan)	mixrbv2	3
Ys III - Wanderers from Ys (Japan)	mixrbv2	3
Yu Yu Hakusho - Bakutou Ankoku Bujutsukai (Japan) (Datach)	mixrbv2	3
Yume Penguin Monogatari (Japan)	mixrbv2	3
Zanac (USA)	mixrbv2	3
Zelda II - The Adventure of Link (USA)	mixrbv2	3
Zen - Intergalactic Ninja (USA)	mixrbv2	3
Zippy Race (Japan)	mixrbv2	3
Zoda's Revenge - StarTropics II (USA)	mixrbv2	3
Zoids - Chuuou Tairiku no Tatakai (Japan)	mixrbv2	3
Zoids 2 - Zenebas no Gyakushuu (Japan)	mixrbv2	3
Zoids Mokushiroku (Japan)	mixrbv2	3
Zombie Hunter (Japan)	mixrbv2	3
Zombie Nation (USA)	mixrbv2	3
Zunou Senkan Galg (Japan) (En)	mixrbv2	3
