#key	synopsis
Albert Odyssey (Japan) (5-31)	Os jogadores assumem o papel de Albert, o espadachim jovem e heróico que vive em um mundo de fantasia cheio de monstros e criaturas míticas. Enquanto grande parte do mundo permanece em relativa paz após uma grande guerra muitos anos antes, uma facção militar liderada pelo mágico sombrio Globus emergiu para conquistar as nações recém-pacificadas e expandir seu império. Com a ajuda dos amigos de Albert e dos mercenários contratados, o jogador deve viajar pelo mundo e finalmente enfrentar Golbus e suas forças para evitar outro conflito em grande escala.
Arkanoid - Doh It Again (Japan) (En) (4-10)	Arkanoid: Doh It Again foi transmitido entre 21 de agosto de 1997 e 31 de março de 1998. O jogador controla uma nave usando um controle padrão ou o Super NES Mouse. As rodadas são concluídas quando todas as cores e blocos de prata na tela foram eliminados. Os inimigos entram pelas portas na parte superior da área de jogo. A cada onze rodadas, um inimigo chefe terá que ser combatido. Alguns dos blocos contêm power-ups que você deve pegar com o remo para usar. O jogo possui um total de 99 níveis, um modo de edição no qual os usuários podem criar seus próprios níveis, power-ups e recursos para dois jogadores.
Bakushow Mondai no Silicon Chounaikai (1996-9-14) + Super Formation Soccer (9-22) (Japan) (SoundLink Magazine, Game)	Bakushō Mondai é uma dupla de comédia japonesa composta por Yūji Tanaka e Hikari Ōta sob a agência de entretenimento Titan Inc. Os comediantes se conheceram quando eram estudantes no Departamento de Belas Artes da Universidade Nihon e formaram a Bakushō Mondai em 1988 depois de abandonar a escola. O nome da dupla significa literalmente &quot;explodir em gargalhadas&quot;, &quot;problema / pergunta&quot;. O tsukkomi dos dois, Tanaka, teve um testículo removido por causa de um câncer testicular, e isso frequentemente provoca piadas do boke do grupo, Ōta, bem como de outras personalidades com quem eles possam estar se apresentando. Ōta é geralmente o perfil mais alto dos dois, e freqüentemente domina os shows que eles hospedam com seus discursos prolixos.
Bakushow Mondai no Silicon Chounaikai (1997-2-1) + Bakushow Mondai no Silicon Chounaikai (1997-2-8) (Japan) (SoundLink Magazine)	Bakushō Mondai é uma dupla de comédia japonesa composta por Yūji Tanaka e Hikari Ōta sob a agência de entretenimento Titan Inc. Os comediantes se conheceram quando eram estudantes no Departamento de Belas Artes da Universidade Nihon e formaram a Bakushō Mondai em 1988 depois de abandonar a escola. O nome da dupla significa literalmente &quot;explodir em gargalhadas&quot;, &quot;problema / pergunta&quot;. O tsukkomi dos dois, Tanaka, teve um testículo removido por causa de um câncer testicular, e isso frequentemente provoca piadas do boke do grupo, Ōta, bem como de outras personalidades com quem eles possam estar se apresentando. Ōta é geralmente o perfil mais alto dos dois, e freqüentemente domina os shows que eles hospedam com seus discursos prolixos.
Bakushow Mondai no Silicon Chounaikai (Japan) (1997-2-8) (SoundLink Magazine)	Bakushō Mondai é uma dupla de comédia japonesa composta por Yūji Tanaka e Hikari Ōta sob a agência de entretenimento Titan Inc. Os comediantes se conheceram quando eram estudantes no Departamento de Belas Artes da Universidade Nihon e formaram a Bakushō Mondai em 1988 depois de abandonar a escola. O nome da dupla significa literalmente &quot;explodir em gargalhadas&quot;, &quot;problema / pergunta&quot;. O tsukkomi dos dois, Tanaka, teve um testículo removido por causa de um câncer testicular, e isso frequentemente provoca piadas do boke do grupo, Ōta, bem como de outras personalidades com quem eles possam estar se apresentando. Ōta é geralmente o perfil mais alto dos dois, e freqüentemente domina os shows que eles hospedam com seus discursos prolixos.
BS F-Zero Grand Prix 2 - Dai-1-shuu (Japan) (SoundLink)	BS F-Zero Grand Prix 2 é a sequência direta do jogo F-Zero original lançado para o Super Famicom via Satellaview. Duas versões foram lançadas - um jogo não SoundLink e um jogo SoundLink. A versão original sem SoundLink foi lançada como BSF-Zero 2 Practice em 1º de junho de 1997 (embora a tela de título permanecesse a mesma). Continha os quatro percursos vistos pela primeira vez no BS F-Zero Grand Prix (um remake do Satellaview do original), junto com um novo percurso chamado Mute City IV. Pouco se sabe sobre a versão posterior do SoundLink fora dos vídeos sobreviventes, mas foi distribuído em duas metades em agosto de 1997 e tinha um locutor semelhante e trilha sonora refeita como a entrada anterior do Satellaview. Pelo menos a primeira semana reorganizou alguns cursos e substituiu dois por novos locais chamados &quot;Floresta I&quot; e &quot;Floresta II&quot;. Presumindo que nenhuma área foi repetida, isso provavelmente significa que a versão do SoundLink tinha o dobro do total de cursos. Além disso, pode-se perceber que o jogador não pode escolher entre os modos Grand Prix e Practice na versão SoundLink; como se tratava de uma transmissão ao vivo, o jogador é forçado a jogar cada percurso em um modo de treino cronometrado e, em seguida, a corrida do Grande Prêmio.
BS F-Zero Grand Prix 2 - Practice (Japan) (6-7)	BS F-Zero Grand Prix 2 é a sequência direta do jogo F-Zero original lançado para o Super Famicom via Satellaview. Duas versões foram lançadas - um jogo não SoundLink e um jogo SoundLink. A versão original sem SoundLink foi lançada como BSF-Zero 2 Practice em 1º de junho de 1997 (embora a tela de título permanecesse a mesma). Continha os quatro percursos vistos pela primeira vez no BS F-Zero Grand Prix (um remake do Satellaview do original), junto com um novo percurso chamado Mute City IV. Pouco se sabe sobre a versão posterior do SoundLink fora dos vídeos sobreviventes, mas foi distribuído em duas metades em agosto de 1997 e tinha um locutor semelhante e trilha sonora refeita como a entrada anterior do Satellaview. Pelo menos a primeira semana reorganizou alguns cursos e substituiu dois por novos locais chamados &quot;Floresta I&quot; e &quot;Floresta II&quot;. Presumindo que nenhuma área foi repetida, isso provavelmente significa que a versão do SoundLink tinha o dobro do total de cursos. Além disso, pode-se perceber que o jogador não pode escolher entre os modos Grand Prix e Practice na versão SoundLink; como se tratava de uma transmissão ao vivo, o jogador é forçado a jogar cada percurso em um modo de treino cronometrado e, em seguida, a corrida do Grande Prêmio.
BS Fire Emblem - Akaneia Senki Hen - Dai-1-wa - Palace Kanraku (Japan) (4-4) (SoundLink)	BS Fire Emblem: Akaneia Senki é um jogo Soundlink de 4 partes para download para o Satellaview que foi transmitido em pelo menos três séries distintas entre 28 de setembro de 1997 e 1º de maio de 1999. Os quatro capítulos de BS Fire Emblem estavam no mesmo universo de Emblema de Fogo: Ankoku Ryu para Hikari no Tsurugi e Monshou no Nazo. Cada segmento foi definido antes dos eventos do capítulo 1 de ambos os jogos.
BS Fire Emblem - Akaneia Senki Hen - Dai-2-wa - Akai Ryuu Kishi (Japan) (4-13) (SoundLink)	BS Fire Emblem: Akaneia Senki é um jogo Soundlink de 4 partes para download para o Satellaview que foi transmitido em pelo menos três séries distintas entre 28 de setembro de 1997 e 1º de maio de 1999. Os quatro capítulos de BS Fire Emblem estavam no mesmo universo de Emblema de Fogo: Ankoku Ryu para Hikari no Tsurugi e Monshou no Nazo. Cada segmento foi definido antes dos eventos do capítulo 1 de ambos os jogos.
BS Fire Emblem - Akaneia Senki Hen - Dai-3-wa - Seigi no Touzokudan (Japan) (4-21) (SoundLink)	BS Fire Emblem: Akaneia Senki é um jogo Soundlink de 4 partes para download para o Satellaview que foi transmitido em pelo menos três séries distintas entre 28 de setembro de 1997 e 1º de maio de 1999. Os quatro capítulos de BS Fire Emblem estavam no mesmo universo de Emblema de Fogo: Ankoku Ryu para Hikari no Tsurugi e Monshou no Nazo. Cada segmento foi definido antes dos eventos do capítulo 1 de ambos os jogos.
BS Fire Emblem - Akaneia Senki Hen - Dai-4-wa - Hajimari no Toki (Japan) (4-28) (SoundLink)	BS Fire Emblem: Akaneia Senki é um jogo Soundlink de 4 partes para download para o Satellaview que foi transmitido em pelo menos três séries distintas entre 28 de setembro de 1997 e 1º de maio de 1999. Os quatro capítulos de BS Fire Emblem estavam no mesmo universo de Emblema de Fogo: Ankoku Ryu para Hikari no Tsurugi e Monshou no Nazo. Cada segmento foi definido antes dos eventos do capítulo 1 de ambos os jogos.
BS Super Mario Collection - Dai-3-shuu (Japan) (3-17) (SoundLink)	A coleção BS Super Mario é um remix da coleção Super Mario (o nome japonês de Super Mario All-Stars) para o Satellaview, um complemento para o Super Famicom. O jogo foi lançado em quatro parcelas. À medida que o jogo tocava, o streaming de áudio melhorava a experiência de jogo com música especial e dublagem com celebridades japonesas. Seu &quot;título complementar&quot; é BS Super Mario USA. Um ícone Fire Flower representa a casa de Nae, que é hospedada por uma Personalidade de Rádio Satellaview Nae Yūki. Aqui, Mario pode optar por ativar o modo fantasma, o que lhe permite se tornar Fire Mario quando ele sair do nível se for pequeno ou super Mario. Isso, por sua vez, impede os jogadores de participar de classificações. Um ícone do Treasure Ship, que é desbloqueado quando Mario termina todos os níveis disponíveis no mundo. Toad's House agora é apenas uma tela em que o jogador seleciona o baú do tesouro, em vez de Mario realmente caminhar até o peito e abri-lo. Há um cronômetro no canto inferior esquerdo da tela que conta até o final de um ciclo mundial. No início de cada mundo, há uma lista de todos os níveis e uma imagem com diálogo abaixo.
BS Super Mario USA - Power Challenge - Dai-1-kai (Japan) (SoundLink)	O BS Super Mario USA Power Challenge é uma versão ultra-genérica do Super Mario Bros. 2 para o sistema Satellaview, com melhorias gráficas semelhantes à sua versão Super Mario All-Stars. Embora a jogabilidade subjacente seja amplamente semelhante, conteúdo novo e organizado foi adicionado.
BS Super Mario USA - Power Challenge - Dai-2-kai (Japan) (SoundLink)	O BS Super Mario USA Power Challenge é uma versão ultra-genérica do Super Mario Bros. 2 para o sistema Satellaview, com melhorias gráficas semelhantes à sua versão Super Mario All-Stars. Embora a jogabilidade subjacente seja amplamente semelhante, conteúdo novo e organizado foi adicionado.
BS Super Mario USA - Power Challenge - Dai-3-kai (Japan) (SoundLink)	O BS Super Mario USA Power Challenge é uma versão ultra-genérica do Super Mario Bros. 2 para o sistema Satellaview, com melhorias gráficas semelhantes à sua versão Super Mario All-Stars. Embora a jogabilidade subjacente seja amplamente semelhante, conteúdo novo e organizado foi adicionado.
BS Super Mario USA - Power Challenge - Dai-4-kai (Japan) (SoundLink)	O BS Super Mario USA Power Challenge é uma versão ultra-genérica do Super Mario Bros. 2 para o sistema Satellaview, com melhorias gráficas semelhantes à sua versão Super Mario All-Stars. Embora a jogabilidade subjacente seja amplamente semelhante, conteúdo novo e organizado foi adicionado.
BS Zelda no Densetsu - Dai-1-wa (Japan) (Rerun) (SoundLink)	BS The Legend of Zelda (BS Zeruda no Densetsu) foi um remake do jogo NES The Legend of Zelda, lançado para o anexo Satellaview para o Super Famicom no Japão. A jogabilidade era idêntica ao seu antecessor, mas o máximo de rúpias foi aumentado para permitir mais de mil (em vez de 255 como em The Legend of Zelda), o mundo superior foi fortemente alterado e as masmorras eram completamente diferentes. Este jogo foi transmitido em duas versões, Mapa 1 e Mapa 2. O Mapa 1 às vezes é chamado de &quot;Terceira Missão&quot;, em referência à Segunda Missão de The Legend of Zelda, e o Mapa 2 seria, portanto, uma Quarta Missão.
BS Zelda no Densetsu - Dai-2-wa (Japan) (SoundLink)	BS The Legend of Zelda (BS Zeruda no Densetsu) foi um remake do jogo NES The Legend of Zelda, lançado para o anexo Satellaview para o Super Famicom no Japão. A jogabilidade era idêntica ao seu antecessor, mas o máximo de rúpias foi aumentado para permitir mais de mil (em vez de 255 como em The Legend of Zelda), o mundo superior foi fortemente alterado e as masmorras eram completamente diferentes. Este jogo foi transmitido em duas versões, Mapa 1 e Mapa 2. O Mapa 1 às vezes é chamado de &quot;Terceira Missão&quot;, em referência à Segunda Missão de The Legend of Zelda, e o Mapa 2 seria, portanto, uma Quarta Missão.
BS Zelda no Densetsu - Dai-3-wa (Japan) (SoundLink)	BS The Legend of Zelda (BS Zeruda no Densetsu) foi um remake do jogo NES The Legend of Zelda, lançado para o anexo Satellaview para o Super Famicom no Japão. A jogabilidade era idêntica ao seu antecessor, mas o máximo de rúpias foi aumentado para permitir mais de mil (em vez de 255 como em The Legend of Zelda), o mundo superior foi fortemente alterado e as masmorras eram completamente diferentes. Este jogo foi transmitido em duas versões, Mapa 1 e Mapa 2. O Mapa 1 às vezes é chamado de &quot;Terceira Missão&quot;, em referência à Segunda Missão de The Legend of Zelda, e o Mapa 2 seria, portanto, uma Quarta Missão.
BS Zelda no Densetsu - Dai-4-wa (Japan) (Rerun) (SoundLink)	BS The Legend of Zelda (BS Zeruda no Densetsu) foi um remake do jogo NES The Legend of Zelda, lançado para o anexo Satellaview para o Super Famicom no Japão. A jogabilidade era idêntica ao seu antecessor, mas o máximo de rúpias foi aumentado para permitir mais de mil (em vez de 255 como em The Legend of Zelda), o mundo superior foi fortemente alterado e as masmorras eram completamente diferentes. Este jogo foi transmitido em duas versões, Mapa 1 e Mapa 2. O Mapa 1 às vezes é chamado de &quot;Terceira Missão&quot;, em referência à Segunda Missão de The Legend of Zelda, e o Mapa 2 seria, portanto, uma Quarta Missão.
BS Zelda no Densetsu - Inishie no Sekiban - Dai-1-wa (Japan) (SoundLink)	BS Zelda no Densetsu: Inishie no Sekiban é um jogo Soundlink de 4 partes para download para o Satellaview que foi transmitido em pelo menos 4 execuções distintas entre 30 de março de 1997 e 30 de maio de 1999. No passado, o jogo era comumente referido como &quot;BS Zelda no Densetsu: Kodai no Sekiban&quot;, no entanto, o consenso atual dos fãs é que o termo é mais apropriadamente escrito como &quot;Inishie no Sekiban&quot; devido à pronúncia SoundLink do título do jogo no jogo, conforme ouvido nas gravações VHS de época de jogo ao vivo.
BS Zelda no Densetsu - Inishie no Sekiban - Dai-2-wa (Japan) (SoundLink)	BS Zelda no Densetsu: Inishie no Sekiban é um jogo Soundlink de 4 partes para download para o Satellaview que foi transmitido em pelo menos 4 execuções distintas entre 30 de março de 1997 e 30 de maio de 1999. No passado, o jogo era comumente referido como &quot;BS Zelda no Densetsu: Kodai no Sekiban&quot;, no entanto, o consenso atual dos fãs é que o termo é mais apropriadamente escrito como &quot;Inishie no Sekiban&quot; devido à pronúncia SoundLink do título do jogo no jogo, conforme ouvido nas gravações VHS de época de jogo ao vivo.
BS Zelda no Densetsu - Inishie no Sekiban - Dai-3-wa (Japan) (SoundLink)	BS Zelda no Densetsu: Inishie no Sekiban é um jogo Soundlink de 4 partes para download para o Satellaview que foi transmitido em pelo menos 4 execuções distintas entre 30 de março de 1997 e 30 de maio de 1999. No passado, o jogo era comumente referido como &quot;BS Zelda no Densetsu: Kodai no Sekiban&quot;, no entanto, o consenso atual dos fãs é que o termo é mais apropriadamente escrito como &quot;Inishie no Sekiban&quot; devido à pronúncia SoundLink do título do jogo no jogo, conforme ouvido nas gravações VHS de época de jogo ao vivo.
BS Zelda no Densetsu - Inishie no Sekiban - Dai-4-wa (Japan) (SoundLink)	BS Zelda no Densetsu: Inishie no Sekiban é um jogo Soundlink de 4 partes para download para o Satellaview que foi transmitido em pelo menos 4 execuções distintas entre 30 de março de 1997 e 30 de maio de 1999. No passado, o jogo era comumente referido como &quot;BS Zelda no Densetsu: Kodai no Sekiban&quot;, no entanto, o consenso atual dos fãs é que o termo é mais apropriadamente escrito como &quot;Inishie no Sekiban&quot; devido à pronúncia SoundLink do título do jogo no jogo, conforme ouvido nas gravações VHS de época de jogo ao vivo.
BS Zelda no Densetsu - Map 2 - Dai-1-wa (Japan) (SoundLink)	BS The Legend of Zelda (BS Zeruda no Densetsu) foi um remake do jogo NES The Legend of Zelda, lançado para o anexo Satellaview para o Super Famicom no Japão. A jogabilidade era idêntica ao seu antecessor, mas o máximo de rúpias foi aumentado para permitir mais de mil (em vez de 255 como em The Legend of Zelda), o mundo superior foi fortemente alterado e as masmorras eram completamente diferentes. Este jogo foi transmitido em duas versões, Mapa 1 e Mapa 2. O Mapa 1 às vezes é chamado de &quot;Terceira Missão&quot;, em referência à Segunda Missão de The Legend of Zelda, e o Mapa 2 seria, portanto, uma Quarta Missão.
BS Zelda no Densetsu - Map 2 - Dai-2-wa (Japan) (SoundLink)	BS The Legend of Zelda (BS Zeruda no Densetsu) foi um remake do jogo NES The Legend of Zelda, lançado para o anexo Satellaview para o Super Famicom no Japão. A jogabilidade era idêntica ao seu antecessor, mas o máximo de rúpias foi aumentado para permitir mais de mil (em vez de 255 como em The Legend of Zelda), o mundo superior foi fortemente alterado e as masmorras eram completamente diferentes. Este jogo foi transmitido em duas versões, Mapa 1 e Mapa 2. O Mapa 1 às vezes é chamado de &quot;Terceira Missão&quot;, em referência à Segunda Missão de The Legend of Zelda, e o Mapa 2 seria, portanto, uma Quarta Missão.
BS Zelda no Densetsu - Map 2 - Dai-3-wa (Japan) (SoundLink)	BS The Legend of Zelda (BS Zeruda no Densetsu) foi um remake do jogo NES The Legend of Zelda, lançado para o anexo Satellaview para o Super Famicom no Japão. A jogabilidade era idêntica ao seu antecessor, mas o máximo de rúpias foi aumentado para permitir mais de mil (em vez de 255 como em The Legend of Zelda), o mundo superior foi fortemente alterado e as masmorras eram completamente diferentes. Este jogo foi transmitido em duas versões, Mapa 1 e Mapa 2. O Mapa 1 às vezes é chamado de &quot;Terceira Missão&quot;, em referência à Segunda Missão de The Legend of Zelda, e o Mapa 2 seria, portanto, uma Quarta Missão.
BS Zelda no Densetsu - Map 2 - Dai-4-wa (Japan) (SoundLink) [b]	BS The Legend of Zelda (BS Zeruda no Densetsu) foi um remake do jogo NES The Legend of Zelda, lançado para o anexo Satellaview para o Super Famicom no Japão. A jogabilidade era idêntica ao seu antecessor, mas o máximo de rúpias foi aumentado para permitir mais de mil (em vez de 255 como em The Legend of Zelda), o mundo superior foi fortemente alterado e as masmorras eram completamente diferentes. Este jogo foi transmitido em duas versões, Mapa 1 e Mapa 2. O Mapa 1 às vezes é chamado de &quot;Terceira Missão&quot;, em referência à Segunda Missão de The Legend of Zelda, e o Mapa 2 seria, portanto, uma Quarta Missão.
Dr. Mario BS (Japan) (En) (1-8)	Dr. Mario BS Version é um videogame Satellaview lançado em 1997 para o Super Famicom. É uma versão alterada do popular Dr. Mario videogame e foi lançado apenas no Japão. Foi o último jogo a ser transmitido pelo Satellaview. É um jogo de quebra-cabeça em que o objetivo é derrotar diferentes germes coloridos usando vitaminas da mesma cor. São basicamente quatro seguidos, assim como Tetris (contagem de linhas ou colunas) ou, em outras palavras, para derrotar cada germe, três metades da mesma cor devem estar próximas ao germe. Essas metades não precisam tomar a mesma pílula. Os germes se multiplicarão à medida que os níveis progridem.
Excitebike - Bunbun Mario Battle - Stadium 1 (Japan) (6-29) (SoundLink)	O BS Excitebike Bun Bun Mario Stadium foi um jogo lançado em quatro versões para download no serviço de download Satellaview. O jogo também é conhecido como Mario Excitebike. Foi lançado para o Satellaview em 1996 apenas no Japão e é a sequência obscura do jogo NES Excitebike. Cada versão adicionou vários novos caracteres, eventualmente adicionando até seis caracteres ao todo. O jogo é semelhante ao Excitebike no NES, embora tenha algumas diferenças. Uma diferença é o fato de que o jogador pode pegar moedas ao longo da pista (que não fazem nada além de aumentar a pontuação). A única outra mudança foi um modo SUPER adicionado, que deu ao jogador um impulso infinito.
Excitebike - Bunbun Mario Battle - Stadium 2 (Japan) (7-6) (SoundLink)	O BS Excitebike Bun Bun Mario Stadium foi um jogo lançado em quatro versões para download no serviço de download Satellaview. O jogo também é conhecido como Mario Excitebike. Foi lançado para o Satellaview em 1996 apenas no Japão e é a sequência obscura do jogo NES Excitebike. Cada versão adicionou vários novos caracteres, eventualmente adicionando até seis caracteres ao todo. O jogo é semelhante ao Excitebike no NES, embora tenha algumas diferenças. Uma diferença é o fato de que o jogador pode pegar moedas ao longo da pista (que não fazem nada além de aumentar a pontuação). A única outra mudança foi um modo SUPER adicionado, que deu ao jogador um impulso infinito.
Excitebike - Bunbun Mario Battle - Stadium 3 (Japan) (2-8) (SoundLink)	O BS Excitebike Bun Bun Mario Stadium foi um jogo lançado em quatro versões para download no serviço de download Satellaview. O jogo também é conhecido como Mario Excitebike. Foi lançado para o Satellaview em 1996 apenas no Japão e é a sequência obscura do jogo NES Excitebike. Cada versão adicionou vários novos caracteres, eventualmente adicionando até seis caracteres ao todo. O jogo é semelhante ao Excitebike no NES, embora tenha algumas diferenças. Uma diferença é o fato de que o jogador pode pegar moedas ao longo da pista (que não fazem nada além de aumentar a pontuação). A única outra mudança foi um modo SUPER adicionado, que deu ao jogador um impulso infinito.
Excitebike - Bunbun Mario Battle - Stadium 4 (Japan) (2-17) (SoundLink)	O BS Excitebike Bun Bun Mario Stadium foi um jogo lançado em quatro versões para download no serviço de download Satellaview. O jogo também é conhecido como Mario Excitebike. Foi lançado para o Satellaview em 1996 apenas no Japão e é a sequência obscura do jogo NES Excitebike. Cada versão adicionou vários novos caracteres, eventualmente adicionando até seis caracteres ao todo. O jogo é semelhante ao Excitebike no NES, embora tenha algumas diferenças. Uma diferença é o fato de que o jogador pode pegar moedas ao longo da pista (que não fazem nada além de aumentar a pontuação). A única outra mudança foi um modo SUPER adicionado, que deu ao jogador um impulso infinito.
Firemen, The (Japan) (2-9)	Você joga como um bombeiro que é enviado juntamente com seu esquadrão para um enorme prédio em chamas. Sua missão é resgatar as pessoas dentro do prédio e apagar o fogo. Você usa um canhão de água para apagar o fogo ou uma bomba de água para apagar chamas maiores. Fique atento a tudo que seus colegas têm a dizer, ou você vai acabar frito.
Kaizou Choujin Shubibinman Zero (Japan) (6-4)	Uma sequência do jogo de ação Shubibinman do PC Engine, desenvolvida exclusivamente para o SNES. Uma nova gangue de capangas aprimorados por ciborgues ameaça a paz na cidade, então &quot;Doc&quot; decide testar suas novas criações: Raita e Azuki, enviando-as para destruir todos os bandidos e restaurar a paz. O jogo joga como um jogo de plataformas de ação 2D, como entradas anteriores da série, nas quais você avança em cada estágio atacando inimigos e coletando power-ups para aumentar seus poderes. Agora, pela primeira vez, cada personagem tem habilidades e ataques únicos, além disso, cada personagem tem um ataque de carga que pode ser usado para energizar seu parceiro, incentivando assim o jogo em equipe no modo cooperativo para dois jogadores.
Kirby no Omochabako - Baseball (3-13) + Kirby no Omochabako - Ball Rally (Premiere) (1996-2-25) (Japan) [b]	Kirby's Toy Box é o nome traduzido de uma pequena série de sub-jogos Kirby intitulada (Kabi no Omochabako, que significa Kirby's Toy Box) no Japão. A série Kirby's Toy Box foi transmitida pela primeira forma de distribuição digital da Nintendo, a rede de satélites Satellaview e, dependendo de quando o jogador se conectou à rede, diferentes jogos estavam disponíveis em momentos diferentes. Eles podem ser baixados na unidade base Satellaview ou em um cartucho ROM regravável &quot;Memory Pak&quot; de 8 megabits compatível com o Satellaview. Como esses jogos não usavam a tecnologia de streaming de áudio ao vivo SoundLink utilizada por outros jogos da Satellaview, após serem baixados, eles podiam ser reproduzidos a qualquer momento após a transmissão, desde que não fossem excluídos ou substituídos.
Kirby no Omochabako - Baseball (Japan) (Premiere) (1996-2-9)	Kirby's Toy Box é o nome traduzido de uma pequena série de sub-jogos Kirby intitulada (Kabi no Omochabako, que significa Kirby's Toy Box) no Japão. A série Kirby's Toy Box foi transmitida pela primeira forma de distribuição digital da Nintendo, a rede de satélites Satellaview e, dependendo de quando o jogador se conectou à rede, diferentes jogos estavam disponíveis em momentos diferentes. Eles podem ser baixados na unidade base Satellaview ou em um cartucho ROM regravável &quot;Memory Pak&quot; de 8 megabits compatível com o Satellaview. Como esses jogos não usavam a tecnologia de streaming de áudio ao vivo SoundLink utilizada por outros jogos da Satellaview, após serem baixados, eles podiam ser reproduzidos a qualquer momento após a transmissão, desde que não fossem excluídos ou substituídos.
Koi wa Balance - Tatoeba K-kun no Tabou na Ichinichi Hen (Japan)	Koi wa Balance: Tatoeba K-kun no Tabou na Ichinichi Hen é um jogo para download para o Satellaview que foi publicado pela primeira vez em 27 de janeiro de 1996. O jogo é um jogo de tabuleiro e apresenta, entre outros personagens, Gaspar e Johnny da título anterior do Square, Chrono Trigger.
Lord Monarch (Japan) (6-1)	Lord Monarch é um jogo de estratégia em tempo real. Neste jogo muito completo, terá de gerir um reino inteiro. Quer se trate de colher recursos, criar novos edifícios ou gerir o dinheiro do reino, terá de cuidar do seu rebanho. Para além das fronteiras do seu reino, existem obviamente outros reinos que também se estão a desenvolver. Deve, portanto, estar preparado para defender o seu país e porque não escolher apanhá-los de surpresa, indo confrontá-los para alargar os limites do seu reino. Foi descarregável num tempo limitado para o Satellaview e foi lançado pelo menos duas vezes entre 20 de Dezembro de 1997 e 31 de Março de 1998.
Mario Paint - BS Ban (Japan) (6-4)	Mario Paint BS Ban é um jogo para download para o Satellaview que decorreu entre 3 de agosto de 1997 e 30 de agosto de 1997, 1998. O jogo é uma ferramenta de pintura e funciona como uma pseudo-sequência para o jogo de 1992, Mario Paint. Entre 2 de novembro de 1997 e 22 de novembro de 1997, foi realizado o &quot;Mario Paint BS Ban Contest&quot; e as transmissões do jogo foram acompanhadas por uma revista digital relacionada ao concurso. Os resultados do concurso foram transmitidos entre 28 de dezembro de 1997 e 31 de janeiro de 1998 na forma de uma segunda revista digital que acompanha o lançamento de Mario Paint BS Ban - Yuushou Sakuhin Naizou Version.
Mario Paint - Yuushou Naizou Ban (Japan)	Uma versão modificada do Mario Paint BS Ban original que inclui o design vencedor de um concurso que aconteceu no Japão em 1997. A imagem vencedora foi desenhada por um jogador de Tóquio chamado Hiroko Mizota e é intitulada &quot;Sonhando da Lua.&quot;
New Yatterman - Nandai Kandai Yajirobee (Japan) (Demo) (1996-5-5)	New Yatterman: Nandai Kandai Yajirobee é um jogo multiplayer para o Super Famicom baseado na franquia de anime Yatterman dos anos 1970. Yatterman apresenta uma equipe de três heróis, todos chamados Yatterman, que tentam derrotar a equipe de supervilões Doronbo (também um grupo de três) em um conjunto de moedas de caveira que revelarão o caminho para uma horda de tesouros gigante. Os heróis costumam usar brinquedos e mechs para derrotar seus oponentes incompetentes, como a kendamagic do protagonista masculino. O jogo é semelhante à série Spy vs. Spy da First Star, em que ambas as equipes estão tentando alcançar o tesouro primeiro. Eles podem tropeçar em seus oponentes por meio de uma série de armadilhas, algumas das quais têm usos condicionais. Enterrando minas e disparando mísseis, o jogador pode reduzir a saúde de seus oponentes, bem como mantê-los fora de seus rastros. Se as duas equipes se enfrentam, eles lutam entre si em uma batalha de tag team de três em três com o lado perdedor levando um grande golpe para sua saúde. O jogo pode ser jogado para um jogador (como a equipe Yatterman ou a equipe Doronbo) ou multijogador.
Radical Dreamers - Nusume Nai Houseki (Japan) (2-24)	Esta aventura baseada em texto (com alguns gráficos de fundo) foi originalmente lançada no Japão através do sistema Satellaview. O jogo é um spin-off da série Chrono, e é o precursor de Chrono Cross. Seus principais personagens e elementos da trama são muito próximos aos de Chrono Cross; Conta a história de Serge (músico itinerante), Kid (ladra) e Magil (mago) enquanto tentam roubar a Chama Congelada (Frozen Flame) da Mansão Viper (Viper Manor). O jogo contém vários finais, muitas vezes bem-humorados. A jogabilidade é algo entre uma aventura de texto padrão e uma visual novel. Em vez de ter uma gama completa de ações possíveis, os jogadores estão limitados às várias opções que apresentam a qualquer momento. Com itens e informações recém-descobertas, novas áreas podem ser alcançadas. Ocasionalmente, as batalhas ocorrerão durante a exploração, as quais também são tratadas pela exibição de várias ações possíveis para escolher, como &quot;Corra&quot; ou &quot;Salte para trás enquanto balança!&quot;
Satella Walker 2 - Dai-1-wa - Mokumoku Kemuri Panic (Japan) (Rerun) (SoundLink)	BS Zelda no Densetsu: Inishie no Sekiban é um jogo Soundlink de 4 partes para download para o Satellaview que foi transmitido em pelo menos 4 execuções distintas entre 30 de março de 1997 e 30 de maio de 1999. No passado, o jogo era comumente referido como &quot;BS Zelda no Densetsu: Kodai no Sekiban&quot;, no entanto, o consenso atual dos fãs é que o termo é mais apropriadamente escrito como &quot;Inishie no Sekiban&quot; devido à pronúncia SoundLink do título do jogo no jogo, conforme ouvido nas gravações VHS de época de jogo ao vivo.
Sonic Blast Man (Japan)	Você assume o papel de Sonic Blast Man, um super-herói, neste jogo de tiro de rolagem lateral, lutando contra várias formas do mal. Enquanto você tem os típicos golpes de soco, pulo e chute, o Sonic Blast Man também tem dois golpes de poder especiais: Dynamite Punch e Screw Bomb. Você viaja por cinco fases diferentes e luta contra inimigos que vão desde rufiões locais a robôs e até alienígenas do espaço sideral.
Special Tee Shot (Japan) (En) (4-25)	Special Tee Shot é um jogo que foi planejado para ser lançado no SNES, embora tenha sido feito exclusivamente para o serviço Satellaview do Super Famicom. O jogo foi posteriormente refeito e transformado em um jogo conhecido como Kirby's Dream Course. Não se sabe por que o jogo foi refeito para apresentar personagens de Kirby, embora se presuma que seja porque a Nintendo pensou que o jogo teria mais sucesso com uma marca bem conhecida por trás dele. O videogame Satellaview tinha personagens únicos, em vez de personagens já desenvolvidos. No geral, porém, o personagem do jogador não era inspirador, pois era simplesmente uma esfera vermelha que quicava. Apesar do fato de que o jogo seria refeito para apresentar personagens de Kirby, existem diferenças dramáticas entre os dois títulos, incluindo o conceito geral de jogo e os níveis. Por exemplo, neste jogo, o objetivo era simplesmente atirar a bola no buraco, enquanto no jogo Kirby você deseja colidir com os inimigos para destruí-los. No entanto, apesar disso, os jogos ainda compartilham muitas semelhanças, como os gráficos e a maneira geral como o jogador controla a bola. Curiosamente, Special Tee Shot foi apresentado não apenas em revistas, mas também no verso dos pacotes SNES como anúncios antes de finalmente ser cancelado e trazido de volta com personagens de Kirby. Também deve ser notado que antes de ser intitulado Kirby's Dream Course, o jogo era oficialmente chamado de Kirby's Tee Shot.
Super Bomberman (Japan) (En) (5-3)	Ao norte da Cidade da Paz (cidade de Bomberman), situada na moderna metrópole de Diamond City, o mal chamado Carat Diamond e sua corte junto com o Cientista Dr. Mok designaram um grupo de robôs com capacidades ofensivas e com a intenção de roubar de Bomberman sua avançada capacidade de combate, Diamond criou um falso Bomberman para ir à Cidade da Paz e sequestrar o verdadeiro Bomberman. Percebendo a situação o Bomberman Negro (Black Bomberman) prepara-se para enfrentar sozinho o falso Bomberman, porém acaba sendo derrotado e tendo seu castelo tomado. Contudo, Bomberman Negro escapa e consegue refúgio junto ao Bomberman Branco (White Bomber) e avisa-o do perigo que está acontecendo. Logo após a onda dos robôs inimigos começarem a avançar em direção a Cidade da Paz, os dois heróis devem juntar forças para vencer este mal.
Super E.D.F. (Japan)	Uma organização maligna chamada AGYMA ameaça 200 anos de paz que a galáxia aproveitou. De sua base no lado mais distante da lua eles infiltraram muitos lugares importantes na Terra. Trabalhando para a Força de Defesa da Terra, você é um piloto solitário de uma nave especial desenvolvida para lutar contra os AGYMA: a XA-1. É um jogo de tiro de progressão lateral com 6 níveis e um total de 8 armas de ultima geração com as quais você pode afastar ataques e impedir o plano da AGYMA de destruir a terra e acabar com a paz através do cosmos.
Super Fire Pro Wrestling (Japan)	Uma transmissão Satellaview do jogo de luta livre Super Fire Pro Wrestling. Um dos primeiros trabalhos de Goichi Suda (Suda 51), apresenta um modo de história rico, algo incomum na época para jogos de luta livre.
Super Mahjong Taikai (9-27) + Super Bowling (9-27) (Japan)	O Super Mahjong Taikai é uma sequela do Mahjong Taikai. A estrutura e jogabilidade do jogo são quase idênticas às do seu predecessor. Entre as diferenças estão a possibilidade de escolher um retrato do personagem principal (masculino ou feminino) e alguns personagens históricos adicionais: por exemplo, ao senhor da guerra medieval japonês Oda Nobunaga junta-se agora Toyotomi Hideyoshi e Tokugawa Ieyasu, famosos personagens historiadores do mesmo período. A lista de personagens modernas (especialmente criadores como Kou Shibusawa) também foi alargada. Tal como no jogo anterior, o modo grande torneio só é acessível depois de o jogador ter avançado suficientemente na classificação.
Super Mahjong Taikai (Japan) (5-27)	O Super Mahjong Taikai é uma sequela do Mahjong Taikai. A estrutura e jogabilidade do jogo são quase idênticas às do seu predecessor. Entre as diferenças estão a possibilidade de escolher um retrato do personagem principal (masculino ou feminino) e alguns personagens históricos adicionais: por exemplo, ao senhor da guerra medieval japonês Oda Nobunaga junta-se agora Toyotomi Hideyoshi e Tokugawa Ieyasu, famosos personagens historiadores do mesmo período. A lista de personagens modernas (especialmente criadores como Kou Shibusawa) também foi alargada. Tal como no jogo anterior, o modo grande torneio só é acessível depois de o jogador ter avançado suficientemente na classificação.
Super Ninja-kun (Japan) (6-1)	Super Ninja Kun é um jogo de acção/plataforma que pode ser jogado por 2 jogadores em simultâneo. É de facto um remake do jogo arcade de 1984 Ninja Kun, mas com uma realização digna do Nintendo 16 bits. Controla-se um (ou dois) pequeno ninja do lado que deve chegar ao fim de cada nível e lutar contra um chefe. A sua progressão é dificultada por numerosos inimigos que atacam de todos os lados, mas ele pode defender-se a si próprio lançando shuriken e saltando sobre os inimigos para os atordoar. Também é possível correr pressionando duas vezes rapidamente num só sentido. Cada inimigo eliminado provoca o aparecimento de uma alma. Recolhê-los enche um calibre especial que lhe permite invocar um poder quando este está cheio. Após cada nível, recebe uma nova arma que pode ser substituída pelo shuriken em qualquer altura.
Super Volley II (Japan) (11-3)	Super Volley II (Hyper V-Ball nos EUA) é um jogo de vôlei de ritmo lento (descubra isso!) Que coloca seus quatro jogadores contra outro time de quatro jogadores. Você pode bater, definir e abrir caminho para a vitória?
Wario no Mori - Futatabi (Japan) (4-9)	Cabe ao Toad manter a floresta segura neste novo Quebra-cabeças! Toad está de volta em sua própria grande aventura com o desafio de Tetris. Depende de você e Toad manter a paz no Reino dos Cogumelos - e isso significa superar o perverso Wario! Monstros, duendes e bombas caem do céu cada vez mais rápido quando Wario os atira na floresta. Toad deve lutar para pegar e alinhar as peças do quebra-cabeça caindo para eliminar o domínio maligno de Wario. Se você gosta de Tetris, este jogo é para você! - Escolha ação para um ou dois jogadores! - Corra no campo para alinhar peças de quebra-cabeça e bombas! - Muitos níveis, de desafiador a estressante!
