#name	crc	size	key
Adian no Tsue (Japan)	dcc7a8d6	131000	Adian no Tsue (Japan)
Adian no Tsue (Japan) (Beta) (1986-10-29)	e342932f	131000	Adian no Tsue (Japan)
Ai Senshi Nicol (Japan)	3fbdbe79	131000	Ai Senshi Nicol (Japan)
Air Fortress (Japan) (Proto) (1986-10-20)	4928d322	131000	Air Fortress (Japan) (Proto) (1986-10-20)
Akumajou Dracula (Japan)	90e99457	131000	Akumajou Dracula (Japan)
Akumajou Dracula (Japan) (Rev 1)	9661e6a4	131000	Akumajou Dracula (Japan)
Akumajou Dracula (Japan) (Rev 2) (Disk Writer)	7448fb40	131000	Akumajou Dracula (Japan)
Akumajou Dracula (Japan) (Rev 2) (Wii and Wii U Virtual Console)	fc72b953	131000	Akumajou Dracula (Japan)
Akuu Senki Raijin (Japan) (Beta) (1987-06-10)	ce97ddd2	131000	Akuu Senki Raijin (Japan) (Disk Writer)
Akuu Senki Raijin (Japan) (Disk Writer)	e188393f	131000	Akuu Senki Raijin (Japan) (Disk Writer)
Aliens - Alien 2 (Japan) (Proto) (1986-12-15)	2b779ee3	131000	Aliens - Alien 2 (Japan) (Proto) (1986-12-15)
All Night Nippon Super Mario Bros. (Japan) (En) (Promo)	43e7fe95	65500	All Night Nippon Super Mario Bros. (Japan) (En) (Promo)
Apple Town Monogatari - Little Computer People (Japan)	1967673e	131000	Apple Town Monogatari - Little Computer People (Japan)
Armana no Kiseki (Japan)	ec6d5de3	131000	Armana no Kiseki (Japan)
Aspic - Majaou no Noroi (Japan)	1999addb	131000	Aspic - Majaou no Noroi (Japan)
Backgammon (Japan)	4d62de66	65500	Backgammon (Japan)
Bakutoushi Patton-kun (Japan)	617942a4	131000	Bakutoushi Patton-kun (Japan)
Baseball (Japan)	23bd2653	65500	Baseball (Japan)
Big Challenge! Dogfight Spirit (Japan)	4e92b68e	131000	Big Challenge! Dogfight Spirit (Japan)
Big Challenge! Go! Go! Bowling (Japan)	a1ce4038	131000	Big Challenge! Go! Go! Bowling (Japan)
Big Challenge! Gun Fighter (Japan)	d9836fb3	131000	Big Challenge! Gun Fighter (Japan)
Big Challenge! Juudou Senshuken (Japan)	16c8cdd5	131000	Big Challenge! Juudou Senshuken (Japan)
Bio Miracle Bokutte Upa (Japan)	c57b947f	131000	Bio Miracle Bokutte Upa (Japan)
Bio Miracle Bokutte Upa (Japan) (3DS Virtual Console)	e6801342	131000	Bio Miracle Bokutte Upa (Japan)
Bio Miracle Bokutte Upa (Japan) (Wii and Wii U Virtual Console)	494cc75e	131000	Bio Miracle Bokutte Upa (Japan)
Bomberman (Japan) (Disk Writer)	b84c2259	65500	Bomberman (Japan) (Disk Writer)
Breeder (Japan)	f8fc6d6e	131000	Breeder (Japan)
Bubble Bobble (Japan)	8c8d153e	131000	Bubble Bobble (Japan)
Bubble Bobble (Japan) (3DS Virtual Console)	e48f3ea6	131000	Bubble Bobble (Japan)
Bubble Bobble (Japan) (Wii and Wii U Virtual Console)	1cfc87ec	131000	Bubble Bobble (Japan)
BurgerTime (Japan) (Disk Writer)	b3d3d6e5	65500	BurgerTime (Japan) (Disk Writer)
Chitei Tairiku Ordola (Japan)	9671ce0c	131000	Chitei Tairiku Ordola (Japan)
Cleopatra no Mahou (Japan)	fdeaa3d8	131000	Cleopatra no Mahou (Japan)
Clu Clu Land (Japan) (En) (Disk Writer)	85e771b9	65500	Clu Clu Land (Japan) (En) (Disk Writer)
Clu Clu Land (Japan) (En) (GameCube, Virtual Console)	406edd8d	65500	Clu Clu Land (Japan) (En) (Disk Writer)
Cocona World (Japan)	c198ab00	131000	Cocona World (Japan)
Dandy - Zeuon no Fukkatsu (Japan)	f027228e	131000	Dandy - Zeuon no Fukkatsu (Japan)
Dead Zone (Japan)	de673254	131000	Dead Zone (Japan)
Dead Zone (Japan) (Beta) (1986-10-06)	9b91f0f8	131000	Dead Zone (Japan)
Dig Dug (Japan) (Disk Writer)	45d45f7f	65500	Dig Dug (Japan) (Disk Writer)
Dig Dug II (Japan) (Disk Writer)	283d67ab	65500	Dig Dug II (Japan) (Disk Writer)
Dirty Pair - Project Eden (Japan)	5f0a149b	131000	Dirty Pair - Project Eden (Japan)
Dirty Pair - Project Eden (Japan) (Rev 1) (Disk Writer)	700627b9	131000	Dirty Pair - Project Eden (Japan)
Donkey Kong (Japan) (Disk Writer)	1ddb8ef7	65500	Donkey Kong (Japan) (Disk Writer)
Donkey Kong Jr. (Japan) (Disk Writer)	90e16269	65500	Donkey Kong Jr. (Japan) (Disk Writer)
Doremikko (Japan)	bee7a47b	131000	Doremikko (Japan)
Dr. Chaos - Jigoku no Tobira (Japan)	7954bd8f	131000	Dr. Chaos - Jigoku no Tobira (Japan)
Dracula II - Noroi no Fuuin (Japan)	3a0bb17b	131000	Dracula II - Noroi no Fuuin (Japan)
Dracula II - Noroi no Fuuin (Japan) (Virtual Console)	f451269f	131000	Dracula II - Noroi no Fuuin (Japan)
Druid - Kyoufu no Tobira (Japan)	69139e45	131000	Druid - Kyoufu no Tobira (Japan)
Druid - Kyoufu no Tobira (Japan) (Beta) (1987-12-24)	47ff9438	131000	Druid - Kyoufu no Tobira (Japan)
Egger Land (Japan)	34688660	131000	Egger Land (Japan)
Egger Land (Japan) (Rev 1) (Possible Proto)	cf2a8bf8	131000	Egger Land (Japan)
Egger Land - Souzou e no Tabidachi (Japan) (Beta) (1987-11-11)	5c50b9fc	131000	Egger Land - Souzou e no Tabidachi (Japan) (Disk Writer)
Egger Land - Souzou e no Tabidachi (Japan) (Disk Writer)	94de6ccb	131000	Egger Land - Souzou e no Tabidachi (Japan) (Disk Writer)
Electrician (Japan)	2ca83dfb	131000	Electrician (Japan)
Esper Dream (Japan)	e33c8305	131000	Esper Dream (Japan)
Esper Dream (Japan) (Rev 1) (3DS Virtual Console)	edaf1a42	131000	Esper Dream (Japan)
Esper Dream (Japan) (Rev 1) (Disk Writer)	7aecf9d8	131000	Esper Dream (Japan)
Esper Dream (Japan) (Rev 1) (Wii and Wii U Virtual Console)	b954c11a	131000	Esper Dream (Japan)
Exciting Baseball (Japan)	f63c93bd	131000	Exciting Baseball (Japan)
Exciting Basket (Japan)	96b5dcae	131000	Exciting Basket (Japan)
Exciting Billiard (Japan)	d6e57884	131000	Exciting Billiard (Japan)
Exciting Soccer - Konami Cup (Japan)	d6c838fe	131000	Exciting Soccer - Konami Cup (Japan)
Fairytale (Japan)	a92bc067	131000	Fairytale (Japan)
Falsion (Japan)	5442c889	131000	Falsion (Japan)
Famicom Grand Prix - F1 Race (Japan)	0ce9573b	131000	Famicom Grand Prix - F1 Race (Japan) (DV 1) (Disk Writer)
Famicom Grand Prix - F1 Race (Japan) (DV 1) (Disk Writer)	81fada11	131000	Famicom Grand Prix - F1 Race (Japan) (DV 1) (Disk Writer)
Famicom Grand Prix II - 3D Hot Rally (Japan) (DV 5) (Famicom 3D System)	a0f93b27	131000	Famicom Grand Prix II - 3D Hot Rally (Japan) (DV 8) (Disk Writer) (Famicom 3D System)
Famicom Grand Prix II - 3D Hot Rally (Japan) (DV 7) (Famicom 3D System)	a6a25143	131000	Famicom Grand Prix II - 3D Hot Rally (Japan) (DV 8) (Disk Writer) (Famicom 3D System)
Famicom Grand Prix II - 3D Hot Rally (Japan) (DV 8) (Disk Writer) (Famicom 3D System)	0b2c84e9	131000	Famicom Grand Prix II - 3D Hot Rally (Japan) (DV 8) (Disk Writer) (Famicom 3D System)
Famicom Mukashibanashi - Shin Onigashima - Kouhen (Japan)	29de8c55	131000	Famicom Mukashibanashi - Shin Onigashima - Kouhen (Japan)
Famicom Mukashibanashi - Shin Onigashima - Kouhen (Japan) (Virtual Console)	7af926ab	131000	Famicom Mukashibanashi - Shin Onigashima - Kouhen (Japan)
Famicom Mukashibanashi - Shin Onigashima - Zenpen (Japan) (DV 1)	72ad3e23	131000	Famicom Mukashibanashi - Shin Onigashima - Zenpen (Japan) (DV 2, 3) (Disk Writer)
Famicom Mukashibanashi - Shin Onigashima - Zenpen (Japan) (DV 2, 3) (Disk Writer)	5bd86b7b	131000	Famicom Mukashibanashi - Shin Onigashima - Zenpen (Japan) (DV 2, 3) (Disk Writer)
Famicom Mukashibanashi - Shin Onigashima - Zenpen (Japan) (DV 3) (3DS Virtual Console)	4233bdf3	131000	Famicom Mukashibanashi - Shin Onigashima - Zenpen (Japan) (DV 2, 3) (Disk Writer)
Famicom Mukashibanashi - Shin Onigashima - Zenpen (Japan) (DV 3) (Wii and Wii U Virtual Console)	5742bd49	131000	Famicom Mukashibanashi - Shin Onigashima - Zenpen (Japan) (DV 2, 3) (Disk Writer)
Famicom Mukashibanashi - Yuuyuuki - Kouhen (Japan)	9cfd349b	131000	Famicom Mukashibanashi - Yuuyuuki - Kouhen (Japan)
Famicom Mukashibanashi - Yuuyuuki - Zenpen (Japan)	cb8cf11c	131000	Famicom Mukashibanashi - Yuuyuuki - Zenpen (Japan)
Famicom Tantei Club - Kieta Koukeisha - Kouhen (Japan)	37de7bd4	131000	Famicom Tantei Club - Kieta Koukeisha - Kouhen (Japan)
Famicom Tantei Club - Kieta Koukeisha - Kouhen (Japan) (3DS Virtual Console)	61360da0	131000	Famicom Tantei Club - Kieta Koukeisha - Kouhen (Japan)
Famicom Tantei Club - Kieta Koukeisha - Zenpen (Japan) (DV 1, 3)	1bf5f454	131000	Famicom Tantei Club - Kieta Koukeisha - Zenpen (Japan) (DV 1, 3)
Famicom Tantei Club - Kieta Koukeisha - Zenpen (Japan) (DV 3) (3DS Virtual Console)	4d092907	131000	Famicom Tantei Club - Kieta Koukeisha - Zenpen (Japan) (DV 1, 3)
Famicom Tantei Club - Kieta Koukeisha - Zenpen (Japan) (DV 3) (Wii and Wii U Virtual Console)	6dbf2ffc	131000	Famicom Tantei Club - Kieta Koukeisha - Zenpen (Japan) (DV 1, 3)
Famicom Tantei Club Part II - Ushiro ni Tatsu Shoujo - Kouhen (Japan) (DV 3, 4)	ef5fc6b8	131000	Famicom Tantei Club Part II - Ushiro ni Tatsu Shoujo - Kouhen (Japan) (DV 3, 4)
Famicom Tantei Club Part II - Ushiro ni Tatsu Shoujo - Kouhen (Japan) (DV 4) (3DS Virtual Console)	91bc6638	131000	Famicom Tantei Club Part II - Ushiro ni Tatsu Shoujo - Kouhen (Japan) (DV 3, 4)
Famicom Tantei Club Part II - Ushiro ni Tatsu Shoujo - Zenpen (Japan)	fe908a02	131000	Famicom Tantei Club Part II - Ushiro ni Tatsu Shoujo - Zenpen (Japan)
Famicom Tantei Club Part II - Ushiro ni Tatsu Shoujo - Zenpen (Japan) (3DS Virtual Console)	26e56b6b	131000	Famicom Tantei Club Part II - Ushiro ni Tatsu Shoujo - Zenpen (Japan)
Famicom Tantei Club Part II - Ushiro ni Tatsu Shoujo - Zenpen (Japan) (Beta)	e233b15a	131000	Famicom Tantei Club Part II - Ushiro ni Tatsu Shoujo - Zenpen (Japan)
Famicom Tantei Club Part II - Ushiro ni Tatsu Shoujo - Zenpen (Japan) (Wii Virtual Console)	0c697954	131000	Famicom Tantei Club Part II - Ushiro ni Tatsu Shoujo - Zenpen (Japan)
Family Composer (Japan) (Disk Writer)	01e451b9	131000	Family Composer (Japan) (Disk Writer)
Family Composer (Japan) (Rev 1) (Possible Proto)	fddbc00d	131000	Family Composer (Japan) (Disk Writer)
Famimaga Disk Vol. 1 - Hong Kong (Japan)	31c155d8	65500	Famimaga Disk Vol. 1 - Hong Kong (Japan)
Famimaga Disk Vol. 2 - Panic Space (Japan) (Disk Writer)	a2ebbb2f	131000	Famimaga Disk Vol. 2 - Panic Space (Japan) (Disk Writer)
Famimaga Disk Vol. 3 - All 1 (Japan) (Disk Writer)	645b4c48	65500	Famimaga Disk Vol. 3 - All 1 (Japan) (Disk Writer)
Famimaga Disk Vol. 4 - Clocks (Japan) (Disk Writer)	135831c4	65500	Famimaga Disk Vol. 4 - Clocks (Japan) (Disk Writer)
Famimaga Disk Vol. 5 - Puyo Puyo (Japan) (Disk Writer)	58d3a655	131000	Famimaga Disk Vol. 5 - Puyo Puyo (Japan) (Disk Writer)
Famimaga Disk Vol. 6 - Janken Disk Jou (Japan) (Disk Writer)	958201d8	131000	Famimaga Disk Vol. 6 - Janken Disk Jou (Japan) (Disk Writer)
Final Command - Akai Yousai (Japan)	08028e43	131000	Final Command - Akai Yousai (Japan)
Fire Bam (Japan)	744cd2f8	131000	Fire Bam (Japan)
Fire Rock (Japan)	33b5b551	131000	Fire Rock (Japan)
Fuuun Shourin Ken (Japan)	620e0d98	131000	Fuuun Shourin Ken (Japan)
Fuuun Shourin Ken - Ankoku no Maou (Japan) (Famicom 3D System)	3c5f6468	131000	Fuuun Shourin Ken - Ankoku no Maou (Japan) (Famicom 3D System)
Galaga (Japan) (Disk Writer)	ab413401	65500	Galaga (Japan) (Disk Writer)
Galaxian (Japan) (Disk Writer)	ba4b6fa8	65500	Galaxian (Japan) (Disk Writer)
Gall Force - Eternal Story (Japan)	2cf62aa9	131000	Gall Force - Eternal Story (Japan)
German Tanteidan MarinGumi - Maruhi Jigomar Sousa File (Japan)	b1fda4ec	131000	German Tanteidan MarinGumi - Maruhi Jigomar Sousa File (Japan)
Ginga Denshou - Galaxy Odyssey (Japan)	631d9fa8	131000	Ginga Denshou - Galaxy Odyssey (Japan)
Ginga Denshou - Galaxy Odyssey (Japan) (Rev 1) (Possible Proto)	960d68b0	131000	Ginga Denshou - Galaxy Odyssey (Japan)
Gokuraku Yuugi - Game Tengoku (Japan)	42fc78ae	131000	Gokuraku Yuugi - Game Tengoku (Japan)
Golf (Japan)	9ab768f5	65500	Golf (Japan)
Golf (Japan) (Rev 1)	a9451981	65500	Golf (Japan)
Golf (Japan) (Rev 2) (Possible Proto)	04bbd0fc	65500	Golf (Japan)
Golf - Japan Course (Japan)	f49129f6	131000	Golf - Japan Course (Japan) (DV 2)
Golf - Japan Course (Japan) (DV 2)	fd5b83a1	131000	Golf - Japan Course (Japan) (DV 2)
Golf - Japan Course (Japan) (Prize Card)	c1bd72f2	131000	Golf - Japan Course (Japan) (DV 2)
Golf - Special Course (Japan) (Prize Card)	528da81f	131000	Golf - US Course (Japan) (DV 2) (Disk Writer)
Golf - US Course (Japan)	bdeac502	131000	Golf - US Course (Japan) (DV 2) (Disk Writer)
Golf - US Course (Japan) (DV 1)	b1879efd	131000	Golf - US Course (Japan) (DV 2) (Disk Writer)
Golf - US Course (Japan) (DV 2) (Disk Writer)	be6a0596	131000	Golf - US Course (Japan) (DV 2) (Disk Writer)
Goonies (Japan) (Disk Writer)	5ba05c82	65500	Goonies (Japan) (Disk Writer)
Green Beret (Japan)	d0916bb6	131000	Green Beret (Japan)
Gun.Smoke (Japan)	c6d3968a	131000	Gun.Smoke (Japan)
Gyruss (Japan)	bfc78f7d	131000	Gyruss (Japan)
Gyruss (Japan) (Beta) (1988-10-03)	73b64ffe	131000	Gyruss (Japan)
Halley Wars (Japan)	4de34546	131000	Halley Wars (Japan)
Hao-kun no Fushigi na Tabi (Japan)	fd6bf87c	131000	Hao-kun no Fushigi na Tabi (Japan)
Hikari Shinwa - Palthena no Kagami (Japan)	76217563	131000	Hikari Shinwa - Palthena no Kagami (Japan)
Hikari Shinwa - Palthena no Kagami (Japan) (Rev 1)	e7e6e77a	131000	Hikari Shinwa - Palthena no Kagami (Japan)
Hikari Shinwa - Palthena no Kagami (Japan) (Rev 1) (Virtual Console)	b88d9bc2	131000	Hikari Shinwa - Palthena no Kagami (Japan)
Hikaru Genji - Roller Panic (Japan)	58cf45f3	131000	Hikaru Genji - Roller Panic (Japan)
I Am a Teacher - Super Mario no Sweater (Japan)	bb51c5d0	131000	I Am a Teacher - Super Mario no Sweater (Japan)
I Am a Teacher - Teami no Kiso (Japan)	c54d80bf	131000	I Am a Teacher - Teami no Kiso (Japan)
Ice Climber (Japan) (En) (Disk Writer)	036a80dd	65500	Ice Climber (Japan) (En) (Disk Writer)
Ice Hockey (Japan)	189fa707	65500	Ice Hockey (Japan)
Idol Hotline - Nakayama Miho no Tokimeki High School (Japan) (DV 10)	9c9616b8	131000	Idol Hotline - Nakayama Miho no Tokimeki High School (Japan) (DV 11) (Disk Writer)
Idol Hotline - Nakayama Miho no Tokimeki High School (Japan) (DV 11) (Disk Writer)	525c5bb1	131000	Idol Hotline - Nakayama Miho no Tokimeki High School (Japan) (DV 11) (Disk Writer)
Idol Hotline - Nakayama Miho no Tokimeki High School (Japan) (DV 13) (Disk Writer)	ed26ab9f	131000	Idol Hotline - Nakayama Miho no Tokimeki High School (Japan) (DV 11) (Disk Writer)
Idol Hotline - Nakayama Miho no Tokimeki High School (Japan) (DV 4)	10266cdd	131000	Idol Hotline - Nakayama Miho no Tokimeki High School (Japan) (DV 11) (Disk Writer)
Idol Hotline - Nakayama Miho no Tokimeki High School (Japan) (DV 6)	abddec53	131000	Idol Hotline - Nakayama Miho no Tokimeki High School (Japan) (DV 11) (Disk Writer)
Igo - Kyuu Roban Taikyoku (Japan)	2e1e75ae	131000	Igo - Kyuu Roban Taikyoku (Japan)
Ishidou (Japan) (Disk Writer)	0c54a19e	131000	Ishidou (Japan) (Disk Writer)
Jikai Shounen Met Mag (Japan)	a25a1001	131000	Jikai Shounen Met Mag (Japan)
Kaettekita Mario Bros. (Japan) (Disk Writer)	4d5bfd77	131000	Kaettekita Mario Bros. (Japan) (Disk Writer)
Kalin no Tsurugi (Japan)	30a753be	131000	Kalin no Tsurugi (Japan)
Kamen Rider Black - Taiketsu Shadow Moon (Japan)	566c6ddf	131000	Kamen Rider Black - Taiketsu Shadow Moon (Japan)
Karate Champ (Japan)	dfd06601	131000	Karate Champ (Japan)
Kattobi! Douji (Japan)	8a54ce0b	131000	Kattobi! Douji (Japan)
Kick Challenger - Air Foot - Yasai no Kuni no Ashi Senshi (Japan)	78a12d0a	131000	Kick Challenger - Air Foot - Yasai no Kuni no Ashi Senshi (Japan)
Kick and Run (Japan)	e3d0dcfc	131000	Kick and Run (Japan)
Kieta Princess (Japan)	60d55cea	131000	Kieta Princess (Japan)
Kiki Kaikai - Dotou Hen (Japan)	35838a29	131000	Kiki Kaikai - Dotou Hen (Japan)
Kiki Kaikai - Dotou Hen (Japan) (Rev 1) (Disk Writer)	007aa4fd	131000	Kiki Kaikai - Dotou Hen (Japan)
Kinnikuman - Kinnikusei Oui Soudatsusen (Japan)	03d8cdb1	131000	Kinnikuman - Kinnikusei Oui Soudatsusen (Japan)
Kinnikuman - Kinnikusei Oui Soudatsusen (Japan) (Rev 1) (Disk Writer)	39e05966	131000	Kinnikuman - Kinnikusei Oui Soudatsusen (Japan)
Knight Lore - Majou no Ookami Otoko (Japan)	70e55476	131000	Knight Lore - Majou no Ookami Otoko (Japan)
Knight Move (Japan)	fd6ef8d7	65500	Knight Move (Japan)
Knight Move (Japan) (Rev 1) (Disk Writer)	6d365e2f	65500	Knight Move (Japan)
Konamic Ice Hockey (Japan)	fef5125f	131000	Konamic Ice Hockey (Japan)
Konamic Tennis (Japan)	edbaee55	131000	Konamic Tennis (Japan)
Konamic Tennis (Japan) (Beta) (1986-10-22)	694f064c	131000	Konamic Tennis (Japan)
Koneko Monogatari - The Adventures of Chatran (Japan)	53a7a482	131000	Koneko Monogatari - The Adventures of Chatran (Japan)
Koneko Monogatari - The Adventures of Chatran (Japan) (Sample) (1986-07-03)	3438794b	131000	Koneko Monogatari - The Adventures of Chatran (Japan)
Link no Bouken - The Legend of Zelda 2 (Japan)	0c3ebc28	131000	Link no Bouken - The Legend of Zelda 2 (Japan)
Link no Bouken - The Legend of Zelda 2 (Japan) (Rev 1)	3024cad5	131000	Link no Bouken - The Legend of Zelda 2 (Japan)
Link no Bouken - The Legend of Zelda 2 (Japan) (Rev 1) (Collector's Edition)	d9d60599	131000	Link no Bouken - The Legend of Zelda 2 (Japan)
Link no Bouken - The Legend of Zelda 2 (Japan) (Rev 1) (Wii and Wii U Virtual Console)	5f1d39cb	131000	Link no Bouken - The Legend of Zelda 2 (Japan)
Lutter (Japan) (Disk Writer)	89ef45dd	131000	Lutter (Japan) (Disk Writer)
Madou Senki - Deep Dungeon (Japan)	56f522d8	131000	Madou Senki - Deep Dungeon (Japan)
Madou Senki - Deep Dungeon (Japan) (Rev 1)	f70173fb	131000	Madou Senki - Deep Dungeon (Japan)
Maerchen Veil (Japan)	973cf165	131000	Maerchen Veil (Japan)
Magma Project - Hacker (Japan)	1cee986e	131000	Magma Project - Hacker (Japan)
Mahjong (Japan)	9a8a4dbf	65500	Mahjong (Japan)
Mahjong Kazoku (Japan)	0160bb59	131000	Mahjong Kazoku (Japan)
Matou no Houkai - The Hero of Babel (Japan)	ac0615f9	131000	Matou no Houkai - The Hero of Babel (Japan)
Meikyuu Jiin Dababa (Japan)	8b54d368	131000	Meikyuu Jiin Dababa (Japan)
Metroid (Japan) (Rev 1)	9c8045df	131000	Metroid (Japan) (Rev 3)
Metroid (Japan) (Rev 2)	1ad64b0f	131000	Metroid (Japan) (Rev 3)
Metroid (Japan) (Rev 3)	5e4f013d	131000	Metroid (Japan) (Rev 3)
Metroid (Japan) (Rev 3) (3DS Virtual Console)	f45a0636	131000	Metroid (Japan) (Rev 3)
Metroid (Japan) (Rev 3) (Wii and Wii U Virtual Console)	6aa1e4a2	131000	Metroid (Japan) (Rev 3)
Michael English Daibouken (Japan)	d446fd96	131000	Michael English Daibouken (Japan)
Michael English Daibouken (Japan) (Sample) (1987-03-25)	e1bf6b02	131000	Michael English Daibouken (Japan)
Moero TwinBee - Cinnamon Hakase wo Sukue! (Japan)	05afbd03	131000	Moero TwinBee - Cinnamon Hakase wo Sukue! (Japan)
Moero TwinBee - Cinnamon Hakase wo Sukue! (Japan) (Rev 1)	bdf795d5	131000	Moero TwinBee - Cinnamon Hakase wo Sukue! (Japan)
Monitor Puzzle Kineko, The - Kinetic Connection (Japan)	a8516d48	131000	Monitor Puzzle Kineko, The - Kinetic Connection (Japan)
Monitor Puzzle Kineko, The - Kinetic Connection (Japan) (Rev 1) (Possible Proto)	c51fafb7	131000	Monitor Puzzle Kineko, The - Kinetic Connection (Japan)
Monitor Puzzle Kineko, The - Kinetic Connection II (Japan) (Disk Writer)	dced2708	131000	Monitor Puzzle Kineko, The - Kinetic Connection II (Japan) (Disk Writer)
Monty on the Run - Monty no Doki Doki Dai Dassou (Japan)	211cc78c	131000	Monty on the Run - Monty no Doki Doki Dai Dassou (Japan)
Moonball Magic (Japan) (Disk Writer)	aad5bee4	131000	Moonball Magic (Japan) (Disk Writer)
Namida no Soukoban Special (Japan)	0c5b12d6	131000	Namida no Soukoban Special (Japan)
Nankin no Adventure (Japan) (Disk Writer)	12892375	131000	Nankin no Adventure (Japan) (Disk Writer)
Nazo no Kabe - Block Kuzushi (Japan)	09292f11	131000	Nazo no Kabe - Block Kuzushi (Japan)
Nazo no Murasamejou (Japan)	9a523757	131000	Nazo no Murasamejou (Japan)
Nazo no Murasamejou (Japan) (GameCube)	de74418b	131000	Nazo no Murasamejou (Japan)
Nazo no Murasamejou (Japan) (Wii and Wii U Virtual Console)	6d054479	131000	Nazo no Murasamejou (Japan)
Nazo no Murasamejou (World) (Ja) (3DS Virtual Console)	1df004f6	131000	Nazo no Murasamejou (Japan)
Nazoler Land - Dainigou (Japan)	19deace2	131000	Nazoler Land - Dainigou (Japan)
Nazoler Land - Daisangou (Japan)	872cd3cf	131000	Nazoler Land - Daisangou (Japan)
Nazoler Land - Soukangou (Japan)	b42fd111	131000	Nazoler Land - Soukangou (Japan)
Nazoler Land Special!! - Quiz Ou wo Sagase (Japan)	f449fc6c	131000	Nazoler Land Special!! - Quiz Ou wo Sagase (Japan)
Neunzehn - 19 (Japan)	47b3babd	131000	Neunzehn - 19 (Japan)
Omoikkiri Tanteidan HaadoGumi - Matenrou no Chousenjou (Japan)	cbca97f5	131000	Omoikkiri Tanteidan HaadoGumi - Matenrou no Chousenjou (Japan)
Othello (Japan) (DV 2)	39709bf6	65500	Othello (Japan) (DV 3, 5) (Disk Writer)
Othello (Japan) (DV 3, 5) (Disk Writer)	7e901e0b	65500	Othello (Japan) (DV 3, 5) (Disk Writer)
Otocky (Japan)	673b4713	131000	Otocky (Japan)
Otocky (Japan) (Beta) (1986-04-15)	0cf97f84	131000	Otocky (Japan)
Pac-Man (Japan) (Disk Writer)	cdf3ca4b	65500	Pac-Man (Japan) (Disk Writer)
Pachicom (Japan) (Disk Writer)	b1686472	65500	Pachicom (Japan) (Disk Writer)
Pachinko Grand Prix (Japan)	1c185588	131000	Pachinko Grand Prix (Japan)
Patlabor - The Mobile Police - Daini Shoutai Shutsudou seyo! (Japan) (Disk Writer)	ef1b1895	131000	Patlabor - The Mobile Police - Daini Shoutai Shutsudou seyo! (Japan) (Disk Writer)
Pinball (Japan) (Disk Writer)	18e50ad4	65500	Pinball (Japan) (Disk Writer)
Pro Golfer Saru - Kage no Tournament (Japan)	76966a72	131000	Pro Golfer Saru - Kage no Tournament (Japan)
Pro Wres (Japan) (En)	d6ce8ac6	65500	Pro Wres (Japan) (En)
Professional Mahjong Gokuu (Japan)	38a67d37	131000	Professional Mahjong Gokuu (Japan)
Pulsar no Hikari - Space Wars Simulation (Japan)	08344d4b	131000	Pulsar no Hikari - Space Wars Simulation (Japan)
Putt Putt Golf (Japan)	98195a6a	131000	Putt Putt Golf (Japan)
Puzzle Boys (Japan) (Disk Writer)	78f31548	131000	Puzzle Boys (Japan) (Disk Writer)
Radical Bomber!! Jirai-kun (Japan) (Disk Writer)	9bdeda19	131000	Radical Bomber!! Jirai-kun (Japan) (Disk Writer)
Reflect World (Japan)	816e45d0	131000	Reflect World (Japan)
Relics - Ankoku Yousai (Japan)	5de87797	131000	Relics - Ankoku Yousai (Japan)
Relics - Ankoku Yousai (Japan) (Project EGG)	30b4fa8b	131000	Relics - Ankoku Yousai (Japan)
Replicart (Japan)	c374c9ed	131000	Replicart (Japan)
Risa no Yousei Densetsu (Japan)	d7943621	131000	Risa no Yousei Densetsu (Japan)
Roger Rabbit (Japan)	a7783dc0	131000	Roger Rabbit (Japan)
SD Gundam World - Gachapon Senshi - Scramble Wars (Japan)	d5f14605	131000	SD Gundam World - Gachapon Senshi - Scramble Wars (Japan) (Disk Writer)
SD Gundam World - Gachapon Senshi - Scramble Wars (Japan) (Disk Writer)	189f7a6b	131000	SD Gundam World - Gachapon Senshi - Scramble Wars (Japan) (Disk Writer)
SD Gundam World - Gachapon Senshi - Scramble Wars (Japan) (Rev 1)	43f70704	131000	SD Gundam World - Gachapon Senshi - Scramble Wars (Japan) (Disk Writer)
SD Gundam World - Gachapon Senshi - Scramble Wars (Japan) (Rev 1) (3DS Virtual Console)	f24355af	131000	SD Gundam World - Gachapon Senshi - Scramble Wars (Japan) (Disk Writer)
SD Gundam World - Gachapon Senshi - Scramble Wars (Japan) (Rev 1) (Wii Virtual Console)	286fbaeb	131000	SD Gundam World - Gachapon Senshi - Scramble Wars (Japan) (Disk Writer)
SD Gundam World - Gachapon Senshi - Scramble Wars - Map Collection (Japan) (Disk Writer)	98f12376	131000	SD Gundam World - Gachapon Senshi - Scramble Wars (Japan) (Disk Writer)
Samurai Sword (Japan)	da2d8561	131000	Samurai Sword (Japan)
Santa Claus no Takarabako (Japan)	645b2ec7	131000	Santa Claus no Takarabako (Japan)
Section-Z (Japan)	0bcb926f	131000	Section-Z (Japan)
Seiken Psychocalibur - Majuu no Mori Densetsu (Japan)	5cac8ba1	131000	Seiken Psychocalibur - Majuu no Mori Densetsu (Japan)
Shanghai (Japan) (Proto) (1986-10-16)	b1ed9311	65500	Shanghai (Japan) (Proto) (1986-10-16)
Shanghai II (Japan) (Proto) (Dragon Layout)	4eaaea69	65500	Shanghai II (Japan) (Proto) (Dragon Layout)
Shanghai II (Japan) (Proto) (Scorpion Layout)	4e10423e	65500	Shanghai II (Japan) (Proto) (Dragon Layout)
Silviana - Ai Ippai no Little Angel (Japan)	09f95cb9	131000	Silviana - Ai Ippai no Little Angel (Japan)
Smash Ping Pong (Japan)	b235b657	65500	Smash Ping Pong (Japan)
Soccer (Japan) (En)	638b6903	65500	Soccer (Japan) (En)
Solomon no Kagi (Japan) (Disk Writer)	9c2e3999	65500	Solomon no Kagi (Japan) (Disk Writer)
Suishou no Dragon (Japan)	6b56808b	131000	Suishou no Dragon (Japan)
Super Boy Allan (Japan)	72f6194b	131000	Super Boy Allan (Japan)
Super Lode Runner (Japan)	c5a7e32c	131000	Super Lode Runner (Japan)
Super Lode Runner II (Japan) (Disk Writer)	042c902b	131000	Super Lode Runner II (Japan) (Disk Writer)
Super Mario Bros. (Japan) (En)	e0890cf2	65500	Super Mario Bros. (Japan) (En)
Super Mario Bros. 2 (Japan) (En)	f04cd4cd	65500	Super Mario Bros. 2 (Japan) (En) (DV 2)
Super Mario Bros. 2 (Japan) (En) (DV 2)	5c419ee8	65500	Super Mario Bros. 2 (Japan) (En) (DV 2)
Super Mario Bros. 2 (Japan) (En) (Game & Watch - Super Mario Bros.)	42b63ca5	65500	Super Mario Bros. 2 (Japan) (En) (DV 2)
Super Mario Bros. 2 (World) (GameCube, Wii and Wii U Virtual Console)	5d08dd11	65500	Super Mario Bros. 2 (Japan) (En) (DV 2)
Tama & Friends - Sanchoume Daibouken (Japan)	37ce763b	131000	Tama & Friends - Sanchoume Daibouken (Japan)
Tanigawa Kouji no Shougi Shinan II - Meijin e no Michi (Japan)	6cad684c	131000	Tanigawa Kouji no Shougi Shinan II - Meijin e no Michi (Japan)
Tanigawa Kouji no Shougi Shinan II - Meijin e no Michi (Japan) (Beta) (1987-11-13)	fc14d862	131000	Tanigawa Kouji no Shougi Shinan II - Meijin e no Michi (Japan)
Tanigawa Kouji no Shougi Shinan II - Meijin e no Michi - Shinban Tsumeshougi - Tsugi no Itte (Japan) (Disk Writer)	94ed2d89	65500	Tanigawa Kouji no Shougi Shinan II - Meijin e no Michi (Japan)
Tantei Jinguuji Saburou - Kiken na Futari - Kouhen (Japan)	fb9e5e31	131000	Tantei Jinguuji Saburou - Kiken na Futari - Kouhen (Japan)
Tantei Jinguuji Saburou - Kiken na Futari - Kouhen (Japan) (Virtual Console)	c139f698	131000	Tantei Jinguuji Saburou - Kiken na Futari - Kouhen (Japan)
Tantei Jinguuji Saburou - Kiken na Futari - Zenpen (Japan)	05376233	131000	Tantei Jinguuji Saburou - Kiken na Futari - Zenpen (Japan)
Tantei Jinguuji Saburou - Kiken na Futari - Zenpen (Japan) (Virtual Console)	9ac78f51	131000	Tantei Jinguuji Saburou - Kiken na Futari - Zenpen (Japan)
Tantei Jinguuji Saburou - Shinjuku Chuuou Kouen Satsujin Jiken (Japan)	5855ae09	131000	Tantei Jinguuji Saburou - Shinjuku Chuuou Kouen Satsujin Jiken (Japan)
Tantei Jinguuji Saburou - Shinjuku Chuuou Kouen Satsujin Jiken (Japan) (Rev 1) (Disk Writer)	6ea9af07	131000	Tantei Jinguuji Saburou - Shinjuku Chuuou Kouen Satsujin Jiken (Japan)
Tantei Jinguuji Saburou - Shinjuku Chuuou Kouen Satsujin Jiken (Japan) (Rev 1) (Virtual Console)	c4be81e1	131000	Tantei Jinguuji Saburou - Shinjuku Chuuou Kouen Satsujin Jiken (Japan)
Tarot Uranai (Japan)	8db1881a	131000	Tarot Uranai (Japan)
Tennis (Japan)	e45ba8b2	65500	Tennis (Japan)
Time Twist - Rekishi no Katasumi de... - Kouhen (Japan)	a7d51bfa	131000	Time Twist - Rekishi no Katasumi de... - Kouhen (Japan)
Time Twist - Rekishi no Katasumi de... - Zenpen (Japan)	63f06a01	131000	Time Twist - Rekishi no Katasumi de... - Zenpen (Japan)
Titanic Mystery - Ao no Senritsu (Japan)	fb36075c	131000	Titanic Mystery - Ao no Senritsu (Japan)
Tobidase Daisakusen (Japan) (Famicom 3D System)	caa25a7f	131000	Tobidase Daisakusen (Japan) (Famicom 3D System)
Tooyama no Kinsan Space Chou - Mr. Gold (Japan)	8ee50dae	131000	Tooyama no Kinsan Space Chou - Mr. Gold (Japan)
Topple Zip (Japan)	84591d73	131000	Topple Zip (Japan)
Topple Zip (Japan) (Project EGG)	a461bf9b	131000	Topple Zip (Japan)
Transformers - The Headmasters (Japan)	a6d5e984	131000	Transformers - The Headmasters (Japan)
TwinBee (Japan) (En) (Disk Writer)	4a5480e1	65500	TwinBee (Japan) (En) (Disk Writer)
Ultraman - Kaijuu Teikoku no Gyakushuu (Japan)	cc64ba9b	131000	Ultraman - Kaijuu Teikoku no Gyakushuu (Japan)
Ultraman - Kaijuu Teikoku no Gyakushuu (Japan) (Disk Writer)	9a2f16cf	131000	Ultraman - Kaijuu Teikoku no Gyakushuu (Japan)
Ultraman 2 - Shutsugeki Katokutai (Japan)	8f7f0352	131000	Ultraman 2 - Shutsugeki Katokutai (Japan)
Ultraman Club - Chikyuu Dakkan Sakusen (Japan)	ad5183db	131000	Ultraman Club - Chikyuu Dakkan Sakusen (Japan)
Ultraman Club - Chikyuu Dakkan Sakusen (Japan) (Rev 1)	74c0cd54	131000	Ultraman Club - Chikyuu Dakkan Sakusen (Japan)
Volleyball (Japan)	f2040d16	65500	Volleyball (Japan)
Vs. Excitebike (Japan) (En)	febe1841	131000	Vs. Excitebike (Japan) (En)
Vs. Excitebike (Japan, USA) (En) (Virtual Console)	a1a824bf	131000	Vs. Excitebike (Japan) (En)
Wakusei Aton Gaiden (Japan) (National Tax Agency Demo)	74f0c830	131000	Wakusei Aton Gaiden (Japan) (National Tax Agency Demo)
Wardner no Mori (Japan)	26c78381	131000	Wardner no Mori (Japan)
Winter Games (Japan)	4bf6e7bc	131000	Winter Games (Japan)
Wrecking Crew (Japan) (Disk Writer)	68b88428	65500	Wrecking Crew (Japan) (Disk Writer)
Xevious (Japan) (Disk Writer)	50b8e0a1	65500	Xevious (Japan) (Disk Writer)
Youkai Yashiki (Japan)	335efcc9	131000	Youkai Yashiki (Japan)
Yume Koujou - Doki Doki Panic (Japan) (DV 1)	4d44fc43	131000	Yume Koujou - Doki Doki Panic (Japan) (DV 2)
Yume Koujou - Doki Doki Panic (Japan) (DV 2)	4096f677	131000	Yume Koujou - Doki Doki Panic (Japan) (DV 2)
Yuu Maze (Japan)	7db80e2b	131000	Yuu Maze (Japan)
Yuushi no Monshou - Deep Dungeon (Japan)	bfcc8051	131000	Yuushi no Monshou - Deep Dungeon (Japan)
Yuushi no Monshou - Deep Dungeon (Japan) (Rev 1) (Disk Writer)	4c5e542b	131000	Yuushi no Monshou - Deep Dungeon (Japan)
Zanac (AI) (Japan)	2d90879b	65500	Zanac (AI) (Japan)
Zelda no Densetsu - The Hyrule Fantasy (Japan)	1f22ccb1	131000	Zelda no Densetsu - The Hyrule Fantasy (Japan)
Zelda no Densetsu - The Hyrule Fantasy (Japan) (Beta) (1985-12-28)	2f222391	131000	Zelda no Densetsu - The Hyrule Fantasy (Japan)
Zelda no Densetsu - The Hyrule Fantasy (Japan) (Collector's Edition)	b64b1456	131000	Zelda no Densetsu - The Hyrule Fantasy (Japan)
Zelda no Densetsu - The Hyrule Fantasy (Japan) (GameCube)	3f9e421c	131000	Zelda no Densetsu - The Hyrule Fantasy (Japan)
Zelda no Densetsu - The Hyrule Fantasy (Japan) (Rev 1)	8f2202bf	131000	Zelda no Densetsu - The Hyrule Fantasy (Japan)
Zelda no Densetsu - The Hyrule Fantasy (Japan) (Virtual Console)	0fb00a60	131000	Zelda no Densetsu - The Hyrule Fantasy (Japan)
