#key	style	ss_system_id	encoding
3-ji no Wide Shou - 5 Gatsugou (Japan) (Magazine)	ss	107	lossless
AK LIVE Hit Gang (Japan) (1995-5-30) (Magazine)	ss	107	lossless
Actraiser (Japan) (5-14)	ss	107	lossless
Albert Odyssey (Japan) (5-31)	ss	107	lossless
Arkanoid - Doh It Again (Japan) (En) (4-10)	ss	107	lossless
B Dash - 2 Gatsugou (Japan) (Magazine)	ss	107	lossless
BS Dragon Quest I (Japan) (SoundLink)	ss	107	lossless
BS F-Zero Grand Prix - Dai-2-shuu - Queen League (Japan) (SoundLink)	ss	107	lossless
BS F-Zero Grand Prix 2 - Practice (Japan) (6-7)	ss	107	lossless
BS Famitsu Magazine Kawara-ban 4-27 Gou (Japan) (Magazine)	ss	107	lossless
BS Fire Emblem - Akaneia Senki Hen - Dai-1-wa - Palace Kanraku (Japan) (4-4) (SoundLink)	ss	107	lossless
BS Fuurai no Shiren - Surara o Sukue - Dai-2-shuu (Japan) (SoundLink)	ss	107	lossless
BS Ihatovo Monogatari - Dai-2-wa (Japan) (SoundLink)	ss	107	lossless
BS Marvelous - Camp Arnold Course - Dai-1-shuu (Japan) (SoundLink)	ss	107	lossless
BS Marvelous - Time Athletic Course - Dai-1-shuu (Japan) (SoundLink)	ss	107	lossless
BS Nichibutsu Mahjong - Mahjong Taikai (Japan) (4-19)	ss	107	lossless
BS Nintendo HP - 5-17 Gou (Japan) (Magazine)	ss	107	lossless
BS Parlor! Parlor! - Dai-2-shuu (Japan) (3-13) (SoundLink)	ss	107	lossless
BS Shin Onigashima - Dai-2-wa (Japan) (SoundLink)	ss	107	lossless
BS Sim City - Scenario 3 (Japan) (SoundLink)	ss	107	lossless
BS St. Giga PG - 10 Gatsugou (Japan) (Magazine)	ss	107	lossless
BS Super Mario Collection - Dai-3-shuu (Japan) (3-17) (SoundLink)	ss	107	lossless
BS Super Mario USA - Power Challenge - Dai-1-kai (Japan) (SoundLink)	ss	107	lossless
BS Tantei Club - Yuki ni Kieta Kako - Zenpen (Japan) (SoundLink)	ss	107	lossless
BS Zelda no Densetsu - Dai-2-wa (Japan) (SoundLink)	ss	107	lossless
BS Zelda no Densetsu - Inishie no Sekiban - Dai-1-wa (Japan) (SoundLink)	ss	107	lossless
Bakushow Mondai no Silicon Chounaikai (Japan) (1997-2-8) (SoundLink Magazine)	ss	107	lossless
Bakushow Mondai no Totsugeki! Star Pirates - Dai-1-wa (Japan) (SoundLink)	ss	107	lossless
Bokujou Monogatari - Dai-2-wa (Japan) (1996-9-9) (SoundLink)	ss	107	lossless
Bounty Sword - Satellaview Special Time Attack Version (Japan)	ss	107	lossless
Chaos Seed BS Ban (Japan) (1996-3-11)	ss	107	lossless
Cheap de Gorgeous Vol. 1 (Japan) (Magazine)	ss	107	lossless
Chou Aniki - Bakuretsu Rantou Hen (Japan)	ss	107	lossless
Chrono Trigger - Jet Bike Special (Japan)	ss	107	lossless
Cock-A-Doodle-Do (Japan) (4-27) (Data Pack)	ss	107	lossless
Columbus no Tamagoyaki - Dai-1-kai (Japan) (7-5) (Magazine)	ss	107	lossless
Cu-On-Pa BS Ban (Japan) (6-7)	ss	107	lossless
Daibakushou Jinsei Gekijou (Japan)	ss	107	lossless
Dandan Belt Conveyor - Gyuunyuu no Maki (Japan) (Magazine)	ss	107	lossless
Dandan Belt Conveyor - Ukulele no Maki (Japan) (Magazine) [b]	ss	107	lossless
Darius Force (Japan) (En) (3-3)	ss	107	lossless
Derby Stallion 96 - Nintendo Breeders' Cup National Betting Championship - Tournament 3 (Japan) (1996-9-15) (SoundLink) [b]	ss	107	lossless
DerbyStal 96 - Taiou 97-nendo Ban (Japan) (12-3) (Data Pack)	ss	107	lossless
Dezaemon BSX Version - BS-X Shooting (Japan) (En) (4-30)	ss	107	lossless
Dezaemon BSX Version - Sugoi STG - Jintai (Japan) (En)	ss	107	lossless
Dezaemon BSX Version - Sugoi STG 2 - Crystal Guardian (Japan) (En) (7-8)	ss	107	lossless
Digital Magazine Busters BS - 6-7 Gou (Japan) (Magazine)	ss	107	lossless
Do-Re-Mi de Faa 2~! Vol. 8 (Japan) (1998-5-10) (Magazine)	ss	107	lossless
Dokapon Gaiden - Honoo no Audition (Japan) (5-19)	ss	107	lossless
Dr. Mario BS (Japan) (En) (1-8)	ss	107	lossless
Dragon Slayer - Eiyuu Densetsu (Japan) (5-12)	ss	107	lossless
Dynami Tracer (Japan)	ss	107	lossless
Excitebike - Bunbun Mario Battle - Stadium 2 (Japan) (7-6) (SoundLink)	ss	107	lossless
F-Zero (Japan) (4-4)	ss	107	lossless
Fenek - 6 Gatsugou (Japan) (Magazine)	ss	107	lossless
Firemen, The (Japan) (2-9)	ss	107	lossless
Freud no Chousenjou - Dai-1-gou (Japan) (Magazine)	ss	107	lossless
Gal Kan Bazooka - Dai-5-kan (Japan) (Magazine)	ss	107	lossless
Gambler Jiko Chuushinha 2 - Dorapon Quest (Japan) (12-19)	ss	107	lossless
Game Tora no Ooana Special (Japan) (1996-3-30) (SoundLink Magazine)	ss	107	lossless
Game Tora no Taikoban No. 8 (Japan) (1998-5-17) (Magazine)	ss	107	lossless
Gekkan Coin Toss - Deck 1 (Japan) (Magazine)	ss	107	lossless
Golf Daisuki! O.B. Club (Japan) (4-3)	ss	107	lossless
GoodsPress - 3 Gatsugou (Japan) (Magazine)	ss	107	lossless
Heisei Gunjin Shougi (Japan)	ss	107	lossless
Ijuin Hikaru no Houkago no Ousama (Japan) (1995-9-25) (SoundLink Magazine)	ss	107	lossless
Ikari no Yousai (Japan) (7-5)	ss	107	lossless
Izumiya Shigeru & Hamasaki Ayumi - Okami Ga Kita!! (Japan) (1995-6-11) (SoundLink Magazine)	ss	107	lossless
Jewel of Live (Japan)	ss	107	lossless
Jewel of Live II (Japan)	ss	107	lossless
Kaizou Choujin Shubibinman Zero (Japan) (6-4)	ss	107	lossless
Kessen! Dokapon Oukoku IV - Densetsu no Yuusha-tachi (Japan) (8-3)	ss	107	lossless
Kid Klown no Crazy Chase (Japan) (5-9)	ss	107	lossless
Kiki Kaikai - Nazo no Kuro Manteau (Japan) (6-6)	ss	107	lossless
Kirby no Omochabako - Arrange Ball (Japan)	ss	107	lossless
Kirby no Omochabako - Ball Rally (4-2) + Waiwai Check (1996-3-28, 3-30) (Japan)	ss	107	lossless
Kirby no Omochabako - Baseball (Japan) (Premiere) (1996-2-9)	ss	107	lossless
Kirby no Omochabako - Cannon Ball (Japan)	ss	107	lossless
Kirby no Omochabako - Guruguru Ball (Japan)	ss	107	lossless
Kirby no Omochabako - Hoshi Kuzushi (Japan)	ss	107	lossless
Kirby no Omochabako - Pachinko (Japan)	ss	107	lossless
Kirby no Omochabako - Pinball (Japan)	ss	107	lossless
Kodomo Chousadan Mighty Pockets - Chousa 1 - Junk-ya Black no Ie (Japan) (SoundLink)	ss	107	lossless
Koi wa Balance - Tatoeba K-kun no Tabou na Ichinichi Hen (Japan)	ss	107	lossless
Konae-chan no Dokidoki Penguin Kazoku (Japan) (12-22)	ss	107	lossless
Kouryaku Casino Bar Kinyoubi - Slots (Japan) (10-13)	ss	107	lossless
Kouryaku Casino Bar Mokuyoubi - Poker (Japan)	ss	107	lossless
Kouryaku Casino Bar Nichiyoubi - Roulette (10-15) + Game Tora no Ooana Special (1996-2-24) (Japan)	ss	107	lossless
Kouryaku Casino Bar Suiyoubi - Poker (10-4) + Kouryaku Casino Bar Kinyoubi - Slots (10-6) (Japan)	ss	107	lossless
Lemmings (Japan) (En)	ss	107	lossless
Let's Pachinko Nante Gindama 1 (Japan) (9-5)	ss	107	lossless
Logos Panic Goaisatsu BS Ban (Japan)	ss	107	lossless
Lord Monarch (Japan) (6-1)	ss	107	lossless
MARIA - Part 1 (Japan) (SoundLink Magazine)	ss	107	lossless
Mario Paint - BS Ban (Japan) (6-4)	ss	107	lossless
Mario Paint - Yuushou Naizou Ban (Japan)	ss	107	lossless
Monopoly 2 BS - Red Cup (Japan)	ss	107	lossless
Monopoly 2 BS - Yellow Cup (Japan)	ss	107	lossless
New 3D Golf Simulation - Waialae no Kiseki (Japan) (1997-10-28)	ss	107	lossless
New Yatterman - Nandai Kandai Yajirobee (Japan) (Demo) (1996-5-5)	ss	107	lossless
Nintama Rantarou 2 (Japan) (1-29)	ss	107	lossless
Panel de Pon - BS Ban (Japan)	ss	107	lossless
Panel de Pon - Event '98 (Japan) (1998-1-11)	ss	107	lossless
Pico Pico Pirates (Japan)	ss	107	lossless
Radical Dreamers - Nusume Nai Houseki (Japan) (2-24)	ss	107	lossless
SD Gundam G Next - MS Data (Japan) (1-16) (Data Pack)	ss	107	lossless
Same Game - Koma Editor 4 (Japan)	ss	107	lossless
SateSupo 8-5 Gou (Japan) (Magazine)	ss	107	lossless
Satella Walker - Dai-2-wa - Machi no Heiwa o Torimodose! (Japan) (SoundLink)	ss	107	lossless
Shanghai - Banri no Choujou (Japan) (5-27)	ss	107	lossless
Shougi Zanmai BS-X Ban (Japan) (1995-12-18)	ss	107	lossless
Sonic Blast Man (Japan)	ss	107	lossless
Sound Journal for Lovers - Valentine Special Vol. 1 (Japan) (4-14) (SoundLink Magazine)	ss	107	lossless
Sousa Sentai Wappers - Mission 01 (Japan) (Magazine)	ss	107	lossless
Special Tee Shot (Japan) (En) (4-25)	ss	107	lossless
Spriggan Powered BS - Prelude (Japan) (SoundLink)	ss	107	lossless
Star Soldier - 2 Minute Mode (Japan) (En)	ss	107	lossless
Super Aleste (Japan)	ss	107	lossless
Super Bomberman (Japan) (En) (5-3)	ss	107	lossless
Super E.D.F. (Japan)	ss	107	lossless
Super Famicom Wars BS Ban - Noakazantou (Japan)	ss	107	lossless
Super Fire Pro Wrestling (Japan)	ss	107	lossless
Super Formation Soccer (Japan) (8-5)	ss	107	lossless
Super Mahjong Taikai (Japan) (5-27)	ss	107	lossless
Super Nazo Puyo - Rulue no Roux (Japan) (4-4)	ss	107	lossless
Super Ninja-kun (Japan) (6-1)	ss	107	lossless
Super Puyo Puyo (Japan) (11-3)	ss	107	lossless
Super Puyo Puyo Tsuu BS Ban (Japan) (12-3)	ss	107	lossless
Super Soukoban (Japan) (4-4)	ss	107	lossless
Super Tsumeshougi 1000 (Japan) (7-15)	ss	107	lossless
Super Volley II (Japan) (11-3)	ss	107	lossless
Sutte Hakkun - BS Version 2 (Japan) (1-5)	ss	107	lossless
Sutte Hakkun - Event Version (Japan) (2-6)	ss	107	lossless
Table Game Daisyugo!! Shougi Mahjong Hanafuda (Japan) (6-2)	ss	107	lossless
Takara-Hai Oozumou Eisei Bashou (Hatsuba) (Japan) (6-3) (SoundLink)	ss	107	lossless
Tamori no Picross (Japan) (1995-5-10)	ss	107	lossless
Tora Maga Daisakusen (Japan) (1997-12-21) (Magazine)	ss	107	lossless
Treasure Conflix (Japan)	ss	107	lossless
Tsuri Tarou (Japan)	ss	107	lossless
Waiwai Check (Japan) (1995-8-26, 8-26)	ss	107	lossless
Wario no Mori - Event Version 2 (Japan) (1995-8-27)	ss	107	lossless
Wario no Mori - Futatabi (Japan) (4-9)	ss	107	lossless
Wizardry V - Saika no Chuushin (Japan)	ss	107	lossless
Yoshi no Panepon - BS Ban (Japan) (En,Ja) (1-2)	ss	107	lossless
Yuki no Jigsaw Kids (1995-5-6) (Japan) (Rerun) (5-10)	ss	107	lossless
Yung Hakase no Shinsatsushitsu - Dai-1-gou (Japan) (Magazine)	ss	107	lossless
Yuuki Nae no GE-MU no Tsubo (Japan) (1996-12-22) (SoundLink Magazine)	ss	107	lossless
Zelda no Densetsu - Kamigami no Triforce (Japan) (3-14)	ss	107	lossless
Zootto Mahjong! - Preview Ban (Japan)	ss	107	lossless
